Episode,Total Steps
0,8.0
1,7.0
2,6.0
3,6.0
4,8.0
5,7.0
6,8.0
7,6.0
8,8.0
9,6.0
10,7.0
11,7.0
12,9.0
13,8.0
14,8.0
15,8.0
16,7.0
17,9.0
18,6.0
19,7.0
20,8.0
21,8.0
22,6.0
23,7.0
24,7.0
25,8.0
26,7.0
27,7.0
28,6.0
29,6.0
30,8.0
31,6.0
32,9.0
33,7.0
34,7.0
35,8.0
36,7.0
37,9.0
38,7.0
39,8.0
40,7.0
41,6.0
42,8.0
43,8.0
44,6.0
45,6.0
46,9.0
47,8.0
48,7.0
49,6.0
50,7.0
51,8.0
52,8.0
53,9.0
54,8.0
55,7.0
56,9.0
57,10.0
58,8.0
59,6.0
60,7.0
61,8.0
62,6.0
63,9.0
64,6.0
65,7.0
66,6.0
67,7.0
68,8.0
69,8.0
70,9.0
71,7.0
72,9.0
73,7.0
74,6.0
75,6.0
76,7.0
77,9.0
78,8.0
79,9.0
80,7.0
81,6.0
82,8.0
83,7.0
84,8.0
85,6.0
86,7.0
87,8.0
88,7.0
89,7.0
90,7.0
91,8.0
92,8.0
93,8.0
94,8.0
95,6.0
96,7.0
97,9.0
98,7.0
99,10.0
100,8.0
101,8.0
102,8.0
103,6.0
104,6.0
105,6.0
106,8.0
107,6.0
108,7.0
109,8.0
110,7.0
111,8.0
112,9.0
113,8.0
114,7.0
115,8.0
116,6.0
117,9.0
118,7.0
119,9.0
120,6.0
121,9.0
122,6.0
123,6.0
124,7.0
125,6.0
126,8.0
127,7.0
128,8.0
129,8.0
130,7.0
131,6.0
132,9.0
133,7.0
134,8.0
135,6.0
136,7.0
137,7.0
138,7.0
139,6.0
140,7.0
141,6.0
142,8.0
143,7.0
144,7.0
145,6.0
146,6.0
147,9.0
148,7.0
149,7.0
150,8.0
151,8.0
152,7.0
153,8.0
154,6.0
155,8.0
156,8.0
157,6.0
158,6.0
159,6.0
160,8.0
161,8.0
162,6.0
163,9.0
164,6.0
165,6.0
166,7.0
167,9.0
168,6.0
169,7.0
170,7.0
171,7.0
172,7.0
173,7.0
174,6.0
175,8.0
176,8.0
177,8.0
178,8.0
179,6.0
180,6.0
181,8.0
182,7.0
183,6.0
184,7.0
185,6.0
186,9.0
187,8.0
188,9.0
189,6.0
190,8.0
191,8.0
192,6.0
193,6.0
194,6.0
195,9.0
196,7.0
197,6.0
198,7.0
199,8.0
200,9.0
201,8.0
202,9.0
203,9.0
204,7.0
205,6.0
206,6.0
207,7.0
208,6.0
209,7.0
210,7.0
211,7.0
212,8.0
213,9.0
214,7.0
215,8.0
216,7.0
217,9.0
218,8.0
219,8.0
220,9.0
221,7.0
222,7.0
223,8.0
224,7.0
225,8.0
226,6.0
227,8.0
228,8.0
229,10.0
230,7.0
231,7.0
232,9.0
233,7.0
234,9.0
235,8.0
236,8.0
237,6.0
238,7.0
239,7.0
240,9.0
241,8.0
242,7.0
243,11.0
244,10.0
245,8.0
246,7.0
247,8.0
248,7.0
249,6.0
250,7.0
251,8.0
252,6.0
253,6.0
254,8.0
255,8.0
256,6.0
257,9.0
258,7.0
259,8.0
260,7.0
261,7.0
262,7.0
263,6.0
264,6.0
265,7.0
266,8.0
267,8.0
268,8.0
269,8.0
270,7.0
271,9.0
272,7.0
273,7.0
274,9.0
275,9.0
276,7.0
277,7.0
278,7.0
279,6.0
280,8.0
281,9.0
282,7.0
283,6.0
284,7.0
285,6.0
286,8.0
287,7.0
288,9.0
289,8.0
290,7.0
291,8.0
292,7.0
293,8.0
294,7.0
295,6.0
296,8.0
297,7.0
298,6.0
299,7.0
300,7.0
301,6.0
302,6.0
303,6.0
304,10.0
305,8.0
306,8.0
307,6.0
308,8.0
309,6.0
310,8.0
311,8.0
312,8.0
313,6.0
314,7.0
315,7.0
316,6.0
317,7.0
318,6.0
319,7.0
320,7.0
321,8.0
322,6.0
323,7.0
324,6.0
325,9.0
326,7.0
327,7.0
328,8.0
329,7.0
330,7.0
331,6.0
332,7.0
333,6.0
334,7.0
335,7.0
336,6.0
337,6.0
338,9.0
339,8.0
340,9.0
341,8.0
342,8.0
343,8.0
344,6.0
345,7.0
346,7.0
347,7.0
348,7.0
349,7.0
350,6.0
351,7.0
352,8.0
353,7.0
354,8.0
355,9.0
356,7.0
357,8.0
358,7.0
359,9.0
360,8.0
361,8.0
362,7.0
363,7.0
364,7.0
365,6.0
366,7.0
367,6.0
368,7.0
369,6.0
370,7.0
371,9.0
372,7.0
373,7.0
374,8.0
375,9.0
376,11.0
377,8.0
378,7.0
379,8.0
380,6.0
381,8.0
382,6.0
383,8.0
384,7.0
385,9.0
386,7.0
387,8.0
388,8.0
389,8.0
390,7.0
391,6.0
392,7.0
393,9.0
394,9.0
395,10.0
396,8.0
397,7.0
398,8.0
399,9.0
400,9.0
401,7.0
402,9.0
403,9.0
404,8.0
405,9.0
406,8.0
407,6.0
408,7.0
409,7.0
410,7.0
411,6.0
412,7.0
413,6.0
414,6.0
415,9.0
416,6.0
417,7.0
418,7.0
419,9.0
420,7.0
421,9.0
422,8.0
423,7.0
424,9.0
425,7.0
426,7.0
427,8.0
428,9.0
429,8.0
430,7.0
431,8.0
432,6.0
433,10.0
434,6.0
435,6.0
436,7.0
437,8.0
438,8.0
439,7.0
440,8.0
441,8.0
442,6.0
443,6.0
444,7.0
445,7.0
446,8.0
447,8.0
448,9.0
449,7.0
450,9.0
451,8.0
452,7.0
453,7.0
454,7.0
455,7.0
456,8.0
457,7.0
458,7.0
459,6.0
460,7.0
461,9.0
462,9.0
463,6.0
464,8.0
465,9.0
466,9.0
467,8.0
468,7.0
469,7.0
470,8.0
471,7.0
472,8.0
473,7.0
474,7.0
475,9.0
476,6.0
477,7.0
478,7.0
479,6.0
480,11.0
481,7.0
482,9.0
483,6.0
484,6.0
485,7.0
486,7.0
487,8.0
488,6.0
489,7.0
490,7.0
491,6.0
492,8.0
493,6.0
494,8.0
495,7.0
496,8.0
497,7.0
498,6.0
499,6.0
500,9.0
501,9.0
502,10.0
503,10.0
504,6.0
505,9.0
506,8.0
507,7.0
508,8.0
509,9.0
510,9.0
511,7.0
512,7.0
513,7.0
514,6.0
515,9.0
516,7.0
517,6.0
518,10.0
519,8.0
520,7.0
521,8.0
522,10.0
523,7.0
524,6.0
525,9.0
526,8.0
527,7.0
528,7.0
529,7.0
530,7.0
531,6.0
532,7.0
533,8.0
534,7.0
535,6.0
536,8.0
537,7.0
538,7.0
539,9.0
540,6.0
541,9.0
542,7.0
543,7.0
544,8.0
545,6.0
546,8.0
547,7.0
548,7.0
549,7.0
550,8.0
551,8.0
552,7.0
553,6.0
554,7.0
555,8.0
556,6.0
557,6.0
558,7.0
559,6.0
560,9.0
561,7.0
562,6.0
563,8.0
564,6.0
565,9.0
566,7.0
567,6.0
568,7.0
569,8.0
570,10.0
571,6.0
572,7.0
573,7.0
574,7.0
575,7.0
576,7.0
577,8.0
578,6.0
579,8.0
580,6.0
581,7.0
582,6.0
583,7.0
584,8.0
585,6.0
586,7.0
587,7.0
588,8.0
589,7.0
590,7.0
591,6.0
592,7.0
593,7.0
594,8.0
595,6.0
596,7.0
597,6.0
598,6.0
599,7.0
600,7.0
601,8.0
602,8.0
603,6.0
604,9.0
605,8.0
606,7.0
607,8.0
608,6.0
609,7.0
610,6.0
611,7.0
612,7.0
613,8.0
614,6.0
615,9.0
616,6.0
617,9.0
618,8.0
619,9.0
620,7.0
621,7.0
622,7.0
623,6.0
624,7.0
625,9.0
626,7.0
627,7.0
628,8.0
629,6.0
630,8.0
631,7.0
632,10.0
633,9.0
634,7.0
635,7.0
636,7.0
637,7.0
638,7.0
639,6.0
640,7.0
641,6.0
642,9.0
643,6.0
644,6.0
645,7.0
646,7.0
647,6.0
648,8.0
649,7.0
650,6.0
651,7.0
652,8.0
653,8.0
654,6.0
655,6.0
656,6.0
657,6.0
658,9.0
659,9.0
660,9.0
661,8.0
662,8.0
663,7.0
664,7.0
665,6.0
666,6.0
667,6.0
668,7.0
669,7.0
670,8.0
671,6.0
672,8.0
673,6.0
674,7.0
675,6.0
676,6.0
677,8.0
678,6.0
679,6.0
680,6.0
681,8.0
682,6.0
683,6.0
684,7.0
685,7.0
686,7.0
687,6.0
688,6.0
689,6.0
690,6.0
691,7.0
692,7.0
693,10.0
694,8.0
695,9.0
696,6.0
697,7.0
698,6.0
699,7.0
700,6.0
701,6.0
702,8.0
703,8.0
704,8.0
705,10.0
706,6.0
707,7.0
708,7.0
709,7.0
710,7.0
711,6.0
712,7.0
713,6.0
714,6.0
715,7.0
716,8.0
717,7.0
718,7.0
719,7.0
720,9.0
721,6.0
722,8.0
723,7.0
724,8.0
725,7.0
726,7.0
727,8.0
728,8.0
729,6.0
730,8.0
731,7.0
732,7.0
733,8.0
734,7.0
735,7.0
736,7.0
737,7.0
738,6.0
739,7.0
740,7.0
741,7.0
742,8.0
743,7.0
744,8.0
745,9.0
746,7.0
747,6.0
748,8.0
749,10.0
750,8.0
751,7.0
752,7.0
753,8.0
754,7.0
755,8.0
756,7.0
757,10.0
758,8.0
759,6.0
760,7.0
761,8.0
762,8.0
763,8.0
764,7.0
765,7.0
766,7.0
767,7.0
768,9.0
769,7.0
770,7.0
771,8.0
772,6.0
773,6.0
774,7.0
775,6.0
776,9.0
777,7.0
778,7.0
779,6.0
780,6.0
781,6.0
782,8.0
783,6.0
784,8.0
785,7.0
786,8.0
787,8.0
788,9.0
789,8.0
790,6.0
791,7.0
792,7.0
793,7.0
794,7.0
795,9.0
796,6.0
797,8.0
798,6.0
799,7.0
800,7.0
801,7.0
802,6.0
803,9.0
804,6.0
805,6.0
806,7.0
807,8.0
808,6.0
809,7.0
810,6.0
811,6.0
812,9.0
813,6.0
814,7.0
815,8.0
816,8.0
817,7.0
818,6.0
819,6.0
820,7.0
821,6.0
822,6.0
823,7.0
824,7.0
825,7.0
826,7.0
827,7.0
828,6.0
829,8.0
830,8.0
831,9.0
832,7.0
833,8.0
834,8.0
835,9.0
836,8.0
837,7.0
838,7.0
839,6.0
840,7.0
841,7.0
842,10.0
843,10.0
844,8.0
845,10.0
846,6.0
847,8.0
848,6.0
849,8.0
850,9.0
851,6.0
852,7.0
853,8.0
854,9.0
855,8.0
856,6.0
857,8.0
858,7.0
859,6.0
860,9.0
861,7.0
862,6.0
863,8.0
864,7.0
865,6.0
866,7.0
867,7.0
868,8.0
869,6.0
870,9.0
871,8.0
872,6.0
873,7.0
874,7.0
875,9.0
876,8.0
877,9.0
878,6.0
879,6.0
880,6.0
881,7.0
882,7.0
883,7.0
884,6.0
885,7.0
886,7.0
887,6.0
888,6.0
889,8.0
890,6.0
891,8.0
892,9.0
893,8.0
894,7.0
895,10.0
896,8.0
897,7.0
898,6.0
899,8.0
900,7.0
901,9.0
902,8.0
903,7.0
904,9.0
905,6.0
906,10.0
907,8.0
908,7.0
909,8.0
910,8.0
911,8.0
912,6.0
913,7.0
914,7.0
915,8.0
916,8.0
917,6.0
918,7.0
919,7.0
920,6.0
921,6.0
922,7.0
923,8.0
924,8.0
925,7.0
926,8.0
927,10.0
928,6.0
929,7.0
930,9.0
931,7.0
932,6.0
933,9.0
934,7.0
935,8.0
936,9.0
937,8.0
938,6.0
939,9.0
940,9.0
941,8.0
942,6.0
943,7.0
944,7.0
945,8.0
946,8.0
947,9.0
948,8.0
949,8.0
950,8.0
951,6.0
952,6.0
953,8.0
954,8.0
955,6.0
956,8.0
957,9.0
958,9.0
959,8.0
960,8.0
961,8.0
962,6.0
963,8.0
964,6.0
965,7.0
966,8.0
967,7.0
968,7.0
969,8.0
970,6.0
971,7.0
972,8.0
973,7.0
974,7.0
975,7.0
976,8.0
977,10.0
978,6.0
979,7.0
980,7.0
981,6.0
982,6.0
983,7.0
984,6.0
985,7.0
986,9.0
987,7.0
988,8.0
989,9.0
990,7.0
991,7.0
992,9.0
993,10.0
994,6.0
995,7.0
996,7.0
997,9.0
998,6.0
999,7.0
1000,7.0
1001,9.0
1002,10.0
1003,7.0
1004,6.0
1005,7.0
1006,7.0
1007,8.0
1008,7.0
1009,9.0
1010,6.0
1011,8.0
1012,6.0
1013,6.0
1014,7.0
1015,7.0
1016,6.0
1017,7.0
1018,9.0
1019,8.0
1020,7.0
1021,8.0
1022,7.0
1023,9.0
1024,6.0
1025,6.0
1026,8.0
1027,8.0
1028,8.0
1029,7.0
1030,6.0
1031,8.0
1032,6.0
1033,6.0
1034,7.0
1035,7.0
1036,7.0
1037,6.0
1038,9.0
1039,7.0
1040,7.0
1041,6.0
1042,8.0
1043,7.0
1044,7.0
1045,6.0
1046,8.0
1047,7.0
1048,9.0
1049,9.0
1050,7.0
1051,8.0
1052,10.0
1053,7.0
1054,8.0
1055,7.0
1056,9.0
1057,11.0
1058,7.0
1059,7.0
1060,8.0
1061,6.0
1062,6.0
1063,7.0
1064,9.0
1065,8.0
1066,8.0
1067,8.0
1068,9.0
1069,7.0
1070,7.0
1071,7.0
1072,9.0
1073,8.0
1074,7.0
1075,7.0
1076,9.0
1077,7.0
1078,6.0
1079,8.0
1080,7.0
1081,7.0
1082,8.0
1083,8.0
1084,7.0
1085,8.0
1086,9.0
1087,8.0
1088,6.0
1089,9.0
1090,8.0
1091,6.0
1092,9.0
1093,6.0
1094,6.0
1095,7.0
1096,9.0
1097,8.0
1098,8.0
1099,8.0
1100,7.0
1101,8.0
1102,10.0
1103,9.0
1104,6.0
1105,9.0
1106,6.0
1107,6.0
1108,6.0
1109,10.0
1110,10.0
1111,7.0
1112,7.0
1113,11.0
1114,8.0
1115,8.0
1116,9.0
1117,9.0
1118,6.0
1119,7.0
1120,8.0
1121,9.0
1122,8.0
1123,7.0
1124,9.0
1125,8.0
1126,9.0
1127,6.0
1128,9.0
1129,9.0
1130,7.0
1131,7.0
1132,8.0
1133,8.0
1134,8.0
1135,8.0
1136,7.0
1137,7.0
1138,8.0
1139,7.0
1140,9.0
1141,8.0
1142,7.0
1143,9.0
1144,8.0
1145,9.0
1146,9.0
1147,8.0
1148,7.0
1149,6.0
1150,9.0
1151,7.0
1152,7.0
1153,7.0
1154,7.0
1155,8.0
1156,9.0
1157,8.0
1158,9.0
1159,6.0
1160,7.0
1161,7.0
1162,9.0
1163,7.0
1164,9.0
1165,7.0
1166,7.0
1167,7.0
1168,8.0
1169,8.0
1170,8.0
1171,9.0
1172,7.0
1173,8.0
1174,7.0
1175,7.0
1176,8.0
1177,6.0
1178,11.0
1179,8.0
1180,7.0
1181,9.0
1182,6.0
1183,9.0
1184,8.0
1185,8.0
1186,9.0
1187,7.0
1188,9.0
1189,7.0
1190,8.0
1191,8.0
1192,6.0
1193,9.0
1194,9.0
1195,6.0
1196,6.0
1197,8.0
1198,6.0
1199,7.0
1200,8.0
1201,8.0
1202,7.0
1203,7.0
1204,8.0
1205,9.0
1206,7.0
1207,8.0
1208,8.0
1209,8.0
1210,8.0
1211,9.0
1212,7.0
1213,8.0
1214,6.0
1215,9.0
1216,10.0
1217,7.0
1218,8.0
1219,9.0
1220,6.0
1221,8.0
1222,8.0
1223,8.0
1224,6.0
1225,9.0
1226,9.0
1227,10.0
1228,6.0
1229,7.0
1230,7.0
1231,8.0
1232,7.0
1233,8.0
1234,6.0
1235,6.0
1236,7.0
1237,8.0
1238,7.0
1239,8.0
1240,7.0
1241,8.0
1242,7.0
1243,8.0
1244,8.0
1245,8.0
1246,8.0
1247,8.0
1248,7.0
1249,8.0
1250,7.0
1251,7.0
1252,9.0
1253,6.0
1254,6.0
1255,8.0
1256,8.0
1257,7.0
1258,8.0
1259,8.0
1260,8.0
1261,7.0
1262,6.0
1263,8.0
1264,6.0
1265,9.0
1266,9.0
1267,8.0
1268,8.0
1269,9.0
1270,6.0
1271,9.0
1272,7.0
1273,8.0
1274,11.0
1275,10.0
1276,8.0
1277,7.0
1278,7.0
1279,7.0
1280,7.0
1281,8.0
1282,8.0
1283,9.0
1284,6.0
1285,7.0
1286,9.0
1287,7.0
1288,6.0
1289,8.0
1290,8.0
1291,8.0
1292,8.0
1293,6.0
1294,7.0
1295,9.0
1296,9.0
1297,8.0
1298,9.0
1299,8.0
1300,8.0
1301,7.0
1302,9.0
1303,8.0
1304,7.0
1305,7.0
1306,6.0
1307,8.0
1308,7.0
1309,7.0
1310,6.0
1311,8.0
1312,8.0
1313,8.0
1314,6.0
1315,8.0
1316,6.0
1317,8.0
1318,8.0
1319,7.0
1320,7.0
1321,8.0
1322,8.0
1323,8.0
1324,7.0
1325,8.0
1326,9.0
1327,6.0
1328,7.0
1329,8.0
1330,9.0
1331,8.0
1332,6.0
1333,7.0
1334,7.0
1335,8.0
1336,8.0
1337,8.0
1338,8.0
1339,6.0
1340,6.0
1341,7.0
1342,10.0
1343,8.0
1344,8.0
1345,9.0
1346,8.0
1347,8.0
1348,8.0
1349,8.0
1350,6.0
1351,8.0
1352,7.0
1353,8.0
1354,8.0
1355,8.0
1356,7.0
1357,7.0
1358,7.0
1359,7.0
1360,8.0
1361,9.0
1362,6.0
1363,6.0
1364,9.0
1365,7.0
1366,6.0
1367,6.0
1368,6.0
1369,6.0
1370,7.0
1371,7.0
1372,6.0
1373,9.0
1374,11.0
1375,8.0
1376,7.0
1377,7.0
1378,7.0
1379,8.0
1380,7.0
1381,7.0
1382,7.0
1383,7.0
1384,8.0
1385,7.0
1386,7.0
1387,7.0
1388,6.0
1389,9.0
1390,8.0
1391,9.0
1392,9.0
1393,7.0
1394,8.0
1395,8.0
1396,7.0
1397,8.0
1398,8.0
1399,7.0
1400,7.0
1401,8.0
1402,8.0
1403,10.0
1404,9.0
1405,9.0
1406,7.0
1407,9.0
1408,9.0
1409,7.0
1410,8.0
1411,9.0
1412,7.0
1413,7.0
1414,8.0
1415,8.0
1416,7.0
1417,7.0
1418,8.0
1419,9.0
1420,9.0
1421,7.0
1422,9.0
1423,6.0
1424,9.0
1425,8.0
1426,8.0
1427,8.0
1428,8.0
1429,7.0
1430,8.0
1431,8.0
1432,6.0
1433,7.0
1434,9.0
1435,7.0
1436,8.0
1437,7.0
1438,9.0
1439,6.0
1440,7.0
1441,9.0
1442,7.0
1443,9.0
1444,9.0
1445,9.0
1446,8.0
1447,8.0
1448,9.0
1449,7.0
1450,8.0
1451,6.0
1452,8.0
1453,7.0
1454,8.0
1455,9.0
1456,8.0
1457,7.0
1458,7.0
1459,8.0
1460,7.0
1461,6.0
1462,6.0
1463,6.0
1464,9.0
1465,6.0
1466,7.0
1467,6.0
1468,9.0
1469,10.0
1470,7.0
1471,9.0
1472,6.0
1473,7.0
1474,9.0
1475,9.0
1476,7.0
1477,7.0
1478,8.0
1479,7.0
1480,8.0
1481,6.0
1482,7.0
1483,6.0
1484,6.0
1485,9.0
1486,10.0
1487,7.0
1488,8.0
1489,6.0
1490,6.0
1491,7.0
1492,9.0
1493,6.0
1494,7.0
1495,6.0
1496,7.0
1497,9.0
1498,7.0
1499,7.0
1500,8.0
1501,9.0
1502,8.0
1503,8.0
1504,6.0
1505,8.0
1506,7.0
1507,9.0
1508,9.0
1509,9.0
1510,7.0
1511,7.0
1512,8.0
1513,7.0
1514,7.0
1515,8.0
1516,9.0
1517,8.0
1518,8.0
1519,8.0
1520,8.0
1521,9.0
1522,7.0
1523,7.0
1524,7.0
1525,8.0
1526,9.0
1527,7.0
1528,9.0
1529,8.0
1530,8.0
1531,7.0
1532,7.0
1533,8.0
1534,8.0
1535,9.0
1536,8.0
1537,8.0
1538,7.0
1539,9.0
1540,7.0
1541,9.0
1542,8.0
1543,6.0
1544,8.0
1545,7.0
1546,6.0
1547,8.0
1548,7.0
1549,7.0
1550,8.0
1551,7.0
1552,8.0
1553,6.0
1554,8.0
1555,9.0
1556,8.0
1557,7.0
1558,8.0
1559,8.0
1560,9.0
1561,7.0
1562,7.0
1563,7.0
1564,6.0
1565,8.0
1566,7.0
1567,7.0
1568,7.0
1569,9.0
1570,7.0
1571,9.0
1572,7.0
1573,9.0
1574,7.0
1575,8.0
1576,6.0
1577,8.0
1578,7.0
1579,9.0
1580,8.0
1581,7.0
1582,7.0
1583,9.0
1584,8.0
1585,7.0
1586,8.0
1587,9.0
1588,8.0
1589,8.0
1590,7.0
1591,6.0
1592,8.0
1593,7.0
1594,6.0
1595,8.0
1596,6.0
1597,8.0
1598,8.0
1599,8.0
1600,8.0
1601,8.0
1602,8.0
1603,8.0
1604,7.0
1605,6.0
1606,6.0
1607,10.0
1608,7.0
1609,9.0
1610,7.0
1611,6.0
1612,8.0
1613,9.0
1614,9.0
1615,7.0
1616,7.0
1617,6.0
1618,6.0
1619,6.0
1620,8.0
1621,9.0
1622,7.0
1623,9.0
1624,9.0
1625,8.0
1626,8.0
1627,6.0
1628,8.0
1629,8.0
1630,8.0
1631,7.0
1632,9.0
1633,7.0
1634,9.0
1635,7.0
1636,6.0
1637,7.0
1638,8.0
1639,8.0
1640,8.0
1641,9.0
1642,7.0
1643,7.0
1644,7.0
1645,7.0
1646,8.0
1647,7.0
1648,9.0
1649,8.0
1650,7.0
1651,9.0
1652,7.0
1653,7.0
1654,8.0
1655,8.0
1656,8.0
1657,7.0
1658,7.0
1659,7.0
1660,8.0
1661,8.0
1662,8.0
1663,9.0
1664,8.0
1665,8.0
1666,7.0
1667,8.0
1668,6.0
1669,9.0
1670,8.0
1671,6.0
1672,6.0
1673,7.0
1674,7.0
1675,8.0
1676,6.0
1677,6.0
1678,8.0
1679,6.0
1680,8.0
1681,7.0
1682,6.0
1683,6.0
1684,7.0
1685,7.0
1686,8.0
1687,7.0
1688,7.0
1689,7.0
1690,9.0
1691,8.0
1692,8.0
1693,9.0
1694,9.0
1695,6.0
1696,8.0
1697,8.0
1698,8.0
1699,7.0
1700,9.0
1701,7.0
1702,9.0
1703,7.0
1704,8.0
1705,8.0
1706,10.0
1707,7.0
1708,6.0
1709,7.0
1710,7.0
1711,7.0
1712,7.0
1713,7.0
1714,7.0
1715,8.0
1716,8.0
1717,6.0
1718,7.0
1719,9.0
1720,9.0
1721,8.0
1722,7.0
1723,7.0
1724,10.0
1725,7.0
1726,7.0
1727,6.0
1728,8.0
1729,8.0
1730,8.0
1731,8.0
1732,8.0
1733,8.0
1734,6.0
1735,6.0
1736,7.0
1737,7.0
1738,8.0
1739,8.0
1740,7.0
1741,9.0
1742,8.0
1743,7.0
1744,6.0
1745,8.0
1746,8.0
1747,7.0
1748,7.0
1749,9.0
1750,8.0
1751,8.0
1752,7.0
1753,9.0
1754,9.0
1755,8.0
1756,7.0
1757,9.0
1758,8.0
1759,6.0
1760,8.0
1761,7.0
1762,6.0
1763,9.0
1764,7.0
1765,7.0
1766,9.0
1767,9.0
1768,7.0
1769,7.0
1770,7.0
1771,7.0
1772,6.0
1773,8.0
1774,6.0
1775,8.0
1776,8.0
1777,7.0
1778,8.0
1779,7.0
1780,8.0
1781,7.0
1782,9.0
1783,8.0
1784,8.0
1785,7.0
1786,7.0
1787,8.0
1788,8.0
1789,7.0
1790,8.0
1791,9.0
1792,9.0
1793,6.0
1794,8.0
1795,8.0
1796,7.0
1797,8.0
1798,9.0
1799,9.0
1800,9.0
1801,9.0
1802,8.0
1803,8.0
1804,8.0
1805,8.0
1806,8.0
1807,8.0
1808,8.0
1809,7.0
1810,7.0
1811,7.0
1812,8.0
1813,7.0
1814,7.0
1815,7.0
1816,7.0
1817,6.0
1818,8.0
1819,8.0
1820,8.0
1821,8.0
1822,7.0
1823,8.0
1824,7.0
1825,8.0
1826,8.0
1827,8.0
1828,7.0
1829,8.0
1830,8.0
1831,8.0
1832,7.0
1833,7.0
1834,8.0
1835,7.0
1836,8.0
1837,8.0
1838,7.0
1839,8.0
1840,9.0
1841,8.0
1842,8.0
1843,8.0
1844,8.0
1845,8.0
1846,8.0
1847,7.0
1848,9.0
1849,8.0
1850,7.0
1851,8.0
1852,8.0
1853,7.0
1854,7.0
1855,8.0
1856,8.0
1857,9.0
1858,7.0
1859,7.0
1860,9.0
1861,7.0
1862,8.0
1863,7.0
1864,8.0
1865,7.0
1866,7.0
1867,8.0
1868,8.0
1869,9.0
1870,6.0
1871,8.0
1872,6.0
1873,6.0
1874,8.0
1875,8.0
1876,7.0
1877,7.0
1878,8.0
1879,8.0
1880,8.0
1881,7.0
1882,8.0
1883,7.0
1884,7.0
1885,7.0
1886,7.0
1887,6.0
1888,8.0
1889,9.0
1890,8.0
1891,8.0
1892,7.0
1893,8.0
1894,7.0
1895,7.0
1896,7.0
1897,7.0
1898,7.0
1899,8.0
1900,7.0
1901,8.0
1902,7.0
1903,8.0
1904,8.0
1905,8.0
1906,9.0
1907,7.0
1908,7.0
1909,8.0
1910,8.0
1911,7.0
1912,8.0
1913,7.0
1914,7.0
1915,9.0
1916,9.0
1917,9.0
1918,7.0
1919,6.0
1920,8.0
1921,7.0
1922,6.0
1923,7.0
1924,8.0
1925,8.0
1926,9.0
1927,7.0
1928,8.0
1929,7.0
1930,8.0
1931,8.0
1932,7.0
1933,8.0
1934,7.0
1935,7.0
1936,6.0
1937,7.0
1938,8.0
1939,7.0
1940,7.0
1941,8.0
1942,10.0
1943,8.0
1944,7.0
1945,8.0
1946,7.0
1947,7.0
1948,7.0
1949,8.0
1950,8.0
1951,8.0
1952,7.0
1953,7.0
1954,6.0
1955,10.0
1956,7.0
1957,9.0
1958,8.0
1959,8.0
1960,7.0
1961,8.0
1962,7.0
1963,8.0
1964,8.0
1965,9.0
1966,8.0
1967,9.0
1968,8.0
1969,7.0
1970,8.0
1971,7.0
1972,8.0
1973,8.0
1974,6.0
1975,9.0
1976,8.0
1977,9.0
1978,7.0
1979,9.0
1980,7.0
1981,8.0
1982,8.0
1983,7.0
1984,8.0
1985,9.0
1986,7.0
1987,7.0
1988,6.0
1989,7.0
1990,8.0
1991,6.0
1992,7.0
1993,8.0
1994,8.0
1995,9.0
1996,7.0
1997,8.0
1998,9.0
1999,8.0
2000,7.0
2001,8.0
2002,8.0
2003,7.0
2004,8.0
2005,8.0
2006,7.0
2007,7.0
2008,7.0
2009,8.0
2010,7.0
2011,8.0
2012,8.0
2013,7.0
2014,9.0
2015,9.0
2016,7.0
2017,6.0
2018,8.0
2019,6.0
2020,8.0
2021,8.0
2022,7.0
2023,8.0
2024,8.0
2025,7.0
2026,8.0
2027,8.0
2028,8.0
2029,6.0
2030,7.0
2031,7.0
2032,8.0
2033,7.0
2034,7.0
2035,9.0
2036,8.0
2037,7.0
2038,8.0
2039,7.0
2040,7.0
2041,7.0
2042,6.0
2043,8.0
2044,7.0
2045,7.0
2046,8.0
2047,7.0
2048,9.0
2049,8.0
2050,8.0
2051,7.0
2052,6.0
2053,8.0
2054,6.0
2055,9.0
2056,7.0
2057,8.0
2058,7.0
2059,8.0
2060,6.0
2061,7.0
2062,7.0
2063,7.0
2064,8.0
2065,9.0
2066,9.0
2067,7.0
2068,8.0
2069,7.0
2070,8.0
2071,8.0
2072,9.0
2073,7.0
2074,7.0
2075,7.0
2076,8.0
2077,7.0
2078,8.0
2079,6.0
2080,9.0
2081,9.0
2082,8.0
2083,7.0
2084,9.0
2085,7.0
2086,8.0
2087,7.0
2088,8.0
2089,7.0
2090,7.0
2091,8.0
2092,7.0
2093,7.0
2094,7.0
2095,7.0
2096,8.0
2097,8.0
2098,6.0
2099,7.0
2100,7.0
2101,8.0
2102,6.0
2103,7.0
2104,7.0
2105,6.0
2106,7.0
2107,6.0
2108,7.0
2109,7.0
2110,8.0
2111,7.0
2112,8.0
2113,8.0
2114,7.0
2115,9.0
2116,6.0
2117,6.0
2118,6.0
2119,8.0
2120,8.0
2121,7.0
2122,7.0
2123,6.0
2124,7.0
2125,7.0
2126,8.0
2127,8.0
2128,8.0
2129,8.0
2130,7.0
2131,9.0
2132,7.0
2133,6.0
2134,7.0
2135,6.0
2136,8.0
2137,9.0
2138,6.0
2139,6.0
2140,7.0
2141,8.0
2142,8.0
2143,8.0
2144,7.0
2145,8.0
2146,8.0
2147,7.0
2148,7.0
2149,6.0
2150,8.0
2151,8.0
2152,7.0
2153,7.0
2154,7.0
2155,9.0
2156,6.0
2157,7.0
2158,6.0
2159,7.0
2160,9.0
2161,10.0
2162,8.0
2163,7.0
2164,8.0
2165,7.0
2166,8.0
2167,8.0
2168,7.0
2169,8.0
2170,8.0
2171,7.0
2172,6.0
2173,7.0
2174,9.0
2175,8.0
2176,7.0
2177,9.0
2178,8.0
2179,7.0
2180,7.0
2181,6.0
2182,8.0
2183,8.0
2184,8.0
2185,8.0
2186,8.0
2187,7.0
2188,8.0
2189,7.0
2190,8.0
2191,7.0
2192,7.0
2193,7.0
2194,7.0
2195,9.0
2196,6.0
2197,7.0
2198,10.0
2199,7.0
2200,8.0
2201,7.0
2202,8.0
2203,7.0
2204,7.0
2205,9.0
2206,8.0
2207,8.0
2208,7.0
2209,8.0
2210,7.0
2211,8.0
2212,7.0
2213,7.0
2214,8.0
2215,7.0
2216,7.0
2217,8.0
2218,9.0
2219,6.0
2220,8.0
2221,8.0
2222,7.0
2223,6.0
2224,8.0
2225,9.0
2226,8.0
2227,7.0
2228,8.0
2229,8.0
2230,8.0
2231,8.0
2232,9.0
2233,7.0
2234,8.0
2235,8.0
2236,6.0
2237,8.0
2238,6.0
2239,7.0
2240,8.0
2241,7.0
2242,9.0
2243,8.0
2244,6.0
2245,7.0
2246,8.0
2247,9.0
2248,6.0
2249,7.0
2250,7.0
2251,8.0
2252,8.0
2253,8.0
2254,7.0
2255,7.0
2256,7.0
2257,8.0
2258,9.0
2259,8.0
2260,7.0
2261,9.0
2262,6.0
2263,8.0
2264,7.0
2265,7.0
2266,8.0
2267,8.0
2268,7.0
2269,7.0
2270,6.0
2271,7.0
2272,7.0
2273,7.0
2274,7.0
2275,7.0
2276,8.0
2277,9.0
2278,7.0
2279,7.0
2280,8.0
2281,8.0
2282,8.0
2283,8.0
2284,8.0
2285,7.0
2286,7.0
2287,7.0
2288,8.0
2289,7.0
2290,7.0
2291,7.0
2292,9.0
2293,7.0
2294,9.0
2295,6.0
2296,9.0
2297,8.0
2298,6.0
2299,7.0
2300,7.0
2301,8.0
2302,9.0
2303,7.0
2304,9.0
2305,6.0
2306,7.0
2307,9.0
2308,7.0
2309,6.0
2310,7.0
2311,6.0
2312,8.0
2313,8.0
2314,8.0
2315,8.0
2316,8.0
2317,7.0
2318,9.0
2319,6.0
2320,8.0
2321,7.0
2322,7.0
2323,7.0
2324,9.0
2325,8.0
2326,8.0
2327,7.0
2328,6.0
2329,7.0
2330,6.0
2331,8.0
2332,7.0
2333,8.0
2334,8.0
2335,7.0
2336,8.0
2337,8.0
2338,7.0
2339,7.0
2340,7.0
2341,7.0
2342,8.0
2343,7.0
2344,9.0
2345,8.0
2346,9.0
2347,9.0
2348,8.0
2349,6.0
2350,9.0
2351,7.0
2352,8.0
2353,6.0
2354,7.0
2355,7.0
2356,8.0
2357,7.0
2358,7.0
2359,7.0
2360,8.0
2361,8.0
2362,7.0
2363,7.0
2364,8.0
2365,6.0
2366,7.0
2367,6.0
2368,7.0
2369,7.0
2370,8.0
2371,6.0
2372,8.0
2373,9.0
2374,7.0
2375,7.0
2376,8.0
2377,7.0
2378,7.0
2379,8.0
2380,6.0
2381,10.0
2382,8.0
2383,8.0
2384,9.0
2385,8.0
2386,8.0
2387,8.0
2388,7.0
2389,6.0
2390,9.0
2391,9.0
2392,6.0
2393,9.0
2394,8.0
2395,8.0
2396,8.0
2397,8.0
2398,7.0
2399,7.0
2400,6.0
2401,8.0
2402,8.0
2403,8.0
2404,9.0
2405,8.0
2406,6.0
2407,9.0
2408,8.0
2409,7.0
2410,10.0
2411,8.0
2412,9.0
2413,8.0
2414,7.0
2415,8.0
2416,8.0
2417,8.0
2418,7.0
2419,7.0
2420,7.0
2421,8.0
2422,7.0
2423,7.0
2424,6.0
2425,7.0
2426,8.0
2427,7.0
2428,7.0
2429,7.0
2430,8.0
2431,7.0
2432,7.0
2433,7.0
2434,7.0
2435,6.0
2436,8.0
2437,8.0
2438,9.0
2439,8.0
2440,7.0
2441,9.0
2442,8.0
2443,7.0
2444,9.0
2445,8.0
2446,7.0
2447,7.0
2448,7.0
2449,7.0
2450,8.0
2451,8.0
2452,9.0
2453,9.0
2454,9.0
2455,7.0
2456,7.0
2457,7.0
2458,8.0
2459,9.0
2460,7.0
2461,7.0
2462,8.0
2463,7.0
2464,7.0
2465,7.0
2466,7.0
2467,7.0
2468,9.0
2469,8.0
2470,9.0
2471,6.0
2472,8.0
2473,7.0
2474,7.0
2475,8.0
2476,7.0
2477,7.0
2478,8.0
2479,8.0
2480,10.0
2481,9.0
2482,9.0
2483,8.0
2484,8.0
2485,7.0
2486,7.0
2487,7.0
2488,7.0
2489,8.0
2490,7.0
2491,8.0
2492,8.0
2493,8.0
2494,8.0
2495,8.0
2496,7.0
2497,7.0
2498,8.0
2499,8.0
2500,7.0
2501,8.0
2502,7.0
2503,7.0
2504,8.0
2505,7.0
2506,8.0
2507,8.0
2508,9.0
2509,7.0
2510,7.0
2511,8.0
2512,9.0
2513,8.0
2514,8.0
2515,6.0
2516,7.0
2517,8.0
2518,7.0
2519,8.0
2520,9.0
2521,7.0
2522,6.0
2523,8.0
2524,9.0
2525,8.0
2526,7.0
2527,7.0
2528,8.0
2529,6.0
2530,8.0
2531,8.0
2532,8.0
2533,9.0
2534,9.0
2535,8.0
2536,8.0
2537,7.0
2538,8.0
2539,9.0
2540,8.0
2541,8.0
2542,7.0
2543,7.0
2544,8.0
2545,9.0
2546,7.0
2547,7.0
2548,9.0
2549,9.0
2550,6.0
2551,9.0
2552,7.0
2553,8.0
2554,7.0
2555,9.0
2556,9.0
2557,7.0
2558,7.0
2559,8.0
2560,7.0
2561,7.0
2562,7.0
2563,8.0
2564,8.0
2565,8.0
2566,6.0
2567,8.0
2568,8.0
2569,7.0
2570,7.0
2571,7.0
2572,7.0
2573,8.0
2574,9.0
2575,7.0
2576,7.0
2577,8.0
2578,7.0
2579,9.0
2580,6.0
2581,7.0
2582,8.0
2583,8.0
2584,9.0
2585,7.0
2586,7.0
2587,8.0
2588,9.0
2589,8.0
2590,7.0
2591,7.0
2592,7.0
2593,9.0
2594,7.0
2595,9.0
2596,8.0
2597,8.0
2598,8.0
2599,7.0
2600,8.0
2601,8.0
2602,7.0
2603,8.0
2604,7.0
2605,7.0
2606,7.0
2607,9.0
2608,8.0
2609,8.0
2610,8.0
2611,7.0
2612,8.0
2613,9.0
2614,7.0
2615,10.0
2616,8.0
2617,9.0
2618,7.0
2619,8.0
2620,7.0
2621,6.0
2622,8.0
2623,8.0
2624,9.0
2625,8.0
2626,9.0
2627,8.0
2628,8.0
2629,7.0
2630,7.0
2631,8.0
2632,7.0
2633,6.0
2634,7.0
2635,8.0
2636,7.0
2637,9.0
2638,6.0
2639,6.0
2640,7.0
2641,7.0
2642,8.0
2643,8.0
2644,7.0
2645,8.0
2646,7.0
2647,8.0
2648,8.0
2649,6.0
2650,8.0
2651,6.0
2652,8.0
2653,6.0
2654,8.0
2655,8.0
2656,7.0
2657,8.0
2658,6.0
2659,6.0
2660,8.0
2661,8.0
2662,8.0
2663,7.0
2664,8.0
2665,9.0
2666,8.0
2667,7.0
2668,7.0
2669,7.0
2670,8.0
2671,8.0
2672,8.0
2673,8.0
2674,8.0
2675,7.0
2676,7.0
2677,9.0
2678,9.0
2679,8.0
2680,8.0
2681,7.0
2682,8.0
2683,8.0
2684,8.0
2685,7.0
2686,8.0
2687,8.0
2688,7.0
2689,6.0
2690,10.0
2691,7.0
2692,8.0
2693,7.0
2694,8.0
2695,8.0
2696,7.0
2697,8.0
2698,8.0
2699,8.0
2700,7.0
2701,8.0
2702,7.0
2703,8.0
2704,8.0
2705,8.0
2706,9.0
2707,7.0
2708,8.0
2709,8.0
2710,9.0
2711,7.0
2712,9.0
2713,6.0
2714,9.0
2715,6.0
2716,8.0
2717,7.0
2718,9.0
2719,9.0
2720,9.0
2721,6.0
2722,7.0
2723,8.0
2724,7.0
2725,8.0
2726,7.0
2727,6.0
2728,7.0
2729,8.0
2730,8.0
2731,8.0
2732,8.0
2733,8.0
2734,8.0
2735,8.0
2736,7.0
2737,7.0
2738,7.0
2739,8.0
2740,7.0
2741,8.0
2742,7.0
2743,8.0
2744,8.0
2745,9.0
2746,8.0
2747,8.0
2748,7.0
2749,7.0
2750,9.0
2751,8.0
2752,8.0
2753,9.0
2754,8.0
2755,8.0
2756,10.0
2757,8.0
2758,9.0
2759,7.0
2760,6.0
2761,7.0
2762,8.0
2763,7.0
2764,7.0
2765,9.0
2766,9.0
2767,8.0
2768,8.0
2769,8.0
2770,6.0
2771,8.0
2772,8.0
2773,7.0
2774,8.0
2775,7.0
2776,7.0
2777,8.0
2778,9.0
2779,6.0
2780,8.0
2781,8.0
2782,7.0
2783,7.0
2784,7.0
2785,8.0
2786,8.0
2787,7.0
2788,7.0
2789,6.0
2790,7.0
2791,8.0
2792,8.0
2793,8.0
2794,8.0
2795,6.0
2796,8.0
2797,8.0
2798,8.0
2799,7.0
2800,7.0
2801,8.0
2802,7.0
2803,7.0
2804,8.0
2805,8.0
2806,8.0
2807,7.0
2808,7.0
2809,7.0
2810,8.0
2811,8.0
2812,8.0
2813,6.0
2814,9.0
2815,9.0
2816,8.0
2817,6.0
2818,7.0
2819,8.0
2820,8.0
2821,8.0
2822,8.0
2823,8.0
2824,9.0
2825,8.0
2826,8.0
2827,8.0
2828,7.0
2829,7.0
2830,8.0
2831,9.0
2832,9.0
2833,7.0
2834,8.0
2835,7.0
2836,8.0
2837,7.0
2838,8.0
2839,7.0
2840,8.0
2841,7.0
2842,9.0
2843,7.0
2844,7.0
2845,7.0
2846,9.0
2847,8.0
2848,8.0
2849,7.0
2850,7.0
2851,9.0
2852,8.0
2853,8.0
2854,7.0
2855,7.0
2856,7.0
2857,7.0
2858,7.0
2859,8.0
2860,8.0
2861,8.0
2862,7.0
2863,7.0
2864,9.0
2865,8.0
2866,8.0
2867,6.0
2868,8.0
2869,7.0
2870,9.0
2871,8.0
2872,9.0
2873,8.0
2874,9.0
2875,8.0
2876,8.0
2877,7.0
2878,7.0
2879,8.0
2880,8.0
2881,9.0
2882,7.0
2883,8.0
2884,8.0
2885,7.0
2886,8.0
2887,7.0
2888,8.0
2889,8.0
2890,8.0
2891,8.0
2892,8.0
2893,6.0
2894,7.0
2895,8.0
2896,7.0
2897,7.0
2898,8.0
2899,7.0
2900,8.0
2901,9.0
2902,7.0
2903,8.0
2904,9.0
2905,6.0
2906,8.0
2907,7.0
2908,7.0
2909,8.0
2910,8.0
2911,7.0
2912,8.0
2913,8.0
2914,10.0
2915,7.0
2916,8.0
2917,8.0
2918,7.0
2919,8.0
2920,7.0
2921,7.0
2922,8.0
2923,7.0
2924,8.0
2925,8.0
2926,8.0
2927,8.0
2928,7.0
2929,6.0
2930,8.0
2931,7.0
2932,8.0
2933,8.0
2934,7.0
2935,8.0
2936,8.0
2937,8.0
2938,6.0
2939,8.0
2940,9.0
2941,8.0
2942,9.0
2943,7.0
2944,9.0
2945,8.0
2946,8.0
2947,7.0
2948,7.0
2949,9.0
2950,8.0
2951,7.0
2952,7.0
2953,6.0
2954,9.0
2955,7.0
2956,7.0
2957,8.0
2958,8.0
2959,8.0
2960,7.0
2961,8.0
2962,7.0
2963,8.0
2964,7.0
2965,8.0
2966,7.0
2967,7.0
2968,8.0
2969,8.0
2970,8.0
2971,7.0
2972,9.0
2973,7.0
2974,7.0
2975,8.0
2976,7.0
2977,7.0
2978,7.0
2979,9.0
2980,8.0
2981,8.0
2982,8.0
2983,6.0
2984,8.0
2985,9.0
2986,7.0
2987,7.0
2988,7.0
2989,7.0
2990,7.0
2991,9.0
2992,9.0
2993,8.0
2994,7.0
2995,8.0
2996,8.0
2997,7.0
2998,7.0
2999,8.0
3000,8.0
3001,8.0
3002,7.0
3003,7.0
3004,7.0
3005,8.0
3006,8.0
3007,8.0
3008,8.0
3009,7.0
3010,9.0
3011,9.0
3012,6.0
3013,8.0
3014,8.0
3015,8.0
3016,7.0
3017,8.0
3018,9.0
3019,6.0
3020,8.0
3021,7.0
3022,8.0
3023,8.0
3024,7.0
3025,8.0
3026,9.0
3027,8.0
3028,8.0
3029,7.0
3030,8.0
3031,9.0
3032,9.0
3033,8.0
3034,6.0
3035,9.0
3036,9.0
3037,7.0
3038,8.0
3039,9.0
3040,8.0
3041,7.0
3042,8.0
3043,8.0
3044,6.0
3045,8.0
3046,9.0
3047,8.0
3048,8.0
3049,8.0
3050,7.0
3051,8.0
3052,7.0
3053,8.0
3054,7.0
3055,7.0
3056,9.0
3057,7.0
3058,7.0
3059,9.0
3060,8.0
3061,8.0
3062,8.0
3063,8.0
3064,8.0
3065,8.0
3066,9.0
3067,8.0
3068,8.0
3069,8.0
3070,7.0
3071,9.0
3072,7.0
3073,8.0
3074,9.0
3075,8.0
3076,8.0
3077,8.0
3078,8.0
3079,7.0
3080,9.0
3081,8.0
3082,7.0
3083,8.0
3084,8.0
3085,8.0
3086,8.0
3087,7.0
3088,7.0
3089,8.0
3090,7.0
3091,7.0
3092,7.0
3093,8.0
3094,6.0
3095,7.0
3096,7.0
3097,7.0
3098,7.0
3099,7.0
3100,8.0
3101,8.0
3102,7.0
3103,8.0
3104,8.0
3105,7.0
3106,8.0
3107,8.0
3108,7.0
3109,7.0
3110,7.0
3111,8.0
3112,7.0
3113,8.0
3114,7.0
3115,7.0
3116,7.0
3117,6.0
3118,8.0
3119,7.0
3120,7.0
3121,7.0
3122,9.0
3123,8.0
3124,8.0
3125,7.0
3126,7.0
3127,8.0
3128,8.0
3129,7.0
3130,8.0
3131,7.0
3132,9.0
3133,8.0
3134,8.0
3135,8.0
3136,9.0
3137,8.0
3138,8.0
3139,7.0
3140,8.0
3141,8.0
3142,8.0
3143,8.0
3144,8.0
3145,7.0
3146,7.0
3147,7.0
3148,7.0
3149,8.0
3150,8.0
3151,9.0
3152,7.0
3153,7.0
3154,7.0
3155,9.0
3156,7.0
3157,9.0
3158,8.0
3159,7.0
3160,7.0
3161,8.0
3162,9.0
3163,8.0
3164,8.0
3165,7.0
3166,8.0
3167,7.0
3168,7.0
3169,8.0
3170,7.0
3171,8.0
3172,8.0
3173,8.0
3174,8.0
3175,6.0
3176,8.0
3177,8.0
3178,8.0
3179,7.0
3180,8.0
3181,7.0
3182,8.0
3183,8.0
3184,8.0
3185,8.0
3186,8.0
3187,9.0
3188,8.0
3189,8.0
3190,8.0
3191,9.0
3192,8.0
3193,7.0
3194,7.0
3195,8.0
3196,8.0
3197,6.0
3198,8.0
3199,7.0
3200,6.0
3201,7.0
3202,8.0
3203,8.0
3204,8.0
3205,7.0
3206,9.0
3207,7.0
3208,7.0
3209,8.0
3210,7.0
3211,7.0
3212,8.0
3213,6.0
3214,8.0
3215,7.0
3216,7.0
3217,8.0
3218,7.0
3219,6.0
3220,7.0
3221,6.0
3222,7.0
3223,6.0
3224,8.0
3225,7.0
3226,7.0
3227,7.0
3228,6.0
3229,7.0
3230,9.0
3231,8.0
3232,8.0
3233,6.0
3234,8.0
3235,7.0
3236,7.0
3237,8.0
3238,7.0
3239,8.0
3240,8.0
3241,8.0
3242,8.0
3243,6.0
3244,7.0
3245,7.0
3246,9.0
3247,8.0
3248,6.0
3249,8.0
3250,7.0
3251,7.0
3252,8.0
3253,7.0
3254,6.0
3255,8.0
3256,8.0
3257,9.0
3258,8.0
3259,9.0
3260,8.0
3261,9.0
3262,8.0
3263,8.0
3264,7.0
3265,9.0
3266,6.0
3267,7.0
3268,8.0
3269,8.0
3270,7.0
3271,9.0
3272,7.0
3273,6.0
3274,8.0
3275,8.0
3276,8.0
3277,7.0
3278,8.0
3279,8.0
3280,9.0
3281,8.0
3282,8.0
3283,9.0
3284,7.0
3285,6.0
3286,7.0
3287,8.0
3288,9.0
3289,8.0
3290,8.0
3291,7.0
3292,7.0
3293,8.0
3294,8.0
3295,8.0
3296,8.0
3297,8.0
3298,8.0
3299,7.0
3300,7.0
3301,7.0
3302,7.0
3303,8.0
3304,6.0
3305,8.0
3306,8.0
3307,7.0
3308,7.0
3309,9.0
3310,8.0
3311,7.0
3312,8.0
3313,8.0
3314,7.0
3315,8.0
3316,8.0
3317,8.0
3318,7.0
3319,8.0
3320,8.0
3321,6.0
3322,7.0
3323,9.0
3324,9.0
3325,8.0
3326,8.0
3327,7.0
3328,8.0
3329,7.0
3330,8.0
3331,8.0
3332,8.0
3333,7.0
3334,7.0
3335,7.0
3336,8.0
3337,8.0
3338,8.0
3339,8.0
3340,8.0
3341,7.0
3342,9.0
3343,7.0
3344,8.0
3345,8.0
3346,8.0
3347,6.0
3348,8.0
3349,8.0
3350,8.0
3351,7.0
3352,8.0
3353,8.0
3354,7.0
3355,7.0
3356,8.0
3357,6.0
3358,8.0
3359,7.0
3360,8.0
3361,7.0
3362,8.0
3363,8.0
3364,9.0
3365,8.0
3366,7.0
3367,7.0
3368,7.0
3369,8.0
3370,8.0
3371,8.0
3372,7.0
3373,8.0
3374,8.0
3375,8.0
3376,6.0
3377,7.0
3378,7.0
3379,8.0
3380,8.0
3381,8.0
3382,7.0
3383,8.0
3384,7.0
3385,8.0
3386,7.0
3387,8.0
3388,8.0
3389,7.0
3390,7.0
3391,7.0
3392,8.0
3393,7.0
3394,9.0
3395,7.0
3396,9.0
3397,8.0
3398,6.0
3399,8.0
3400,7.0
3401,8.0
3402,9.0
3403,7.0
3404,6.0
3405,8.0
3406,7.0
3407,8.0
3408,9.0
3409,8.0
3410,8.0
3411,7.0
3412,7.0
3413,7.0
3414,8.0
3415,7.0
3416,8.0
3417,8.0
3418,8.0
3419,6.0
3420,8.0
3421,9.0
3422,9.0
3423,8.0
3424,7.0
3425,8.0
3426,9.0
3427,7.0
3428,8.0
3429,8.0
3430,9.0
3431,8.0
3432,8.0
3433,10.0
3434,7.0
3435,7.0
3436,7.0
3437,8.0
3438,8.0
3439,7.0
3440,8.0
3441,8.0
3442,7.0
3443,8.0
3444,7.0
3445,7.0
3446,7.0
3447,8.0
3448,8.0
3449,6.0
3450,8.0
3451,8.0
3452,6.0
3453,9.0
3454,8.0
3455,7.0
3456,8.0
3457,8.0
3458,8.0
3459,7.0
3460,8.0
3461,8.0
3462,9.0
3463,8.0
3464,9.0
3465,7.0
3466,7.0
3467,6.0
3468,7.0
3469,8.0
3470,8.0
3471,8.0
3472,7.0
3473,8.0
3474,9.0
3475,6.0
3476,9.0
3477,9.0
3478,8.0
3479,7.0
3480,7.0
3481,9.0
3482,9.0
3483,8.0
3484,7.0
3485,8.0
3486,6.0
3487,9.0
3488,8.0
3489,8.0
3490,7.0
3491,9.0
3492,7.0
3493,9.0
3494,6.0
3495,9.0
3496,8.0
3497,8.0
3498,7.0
3499,7.0
3500,7.0
3501,8.0
3502,7.0
3503,8.0
3504,7.0
3505,7.0
3506,8.0
3507,7.0
3508,8.0
3509,9.0
3510,7.0
3511,8.0
3512,7.0
3513,7.0
3514,9.0
3515,8.0
3516,9.0
3517,8.0
3518,8.0
3519,8.0
3520,8.0
3521,6.0
3522,7.0
3523,7.0
3524,7.0
3525,7.0
3526,8.0
3527,9.0
3528,8.0
3529,7.0
3530,7.0
3531,7.0
3532,9.0
3533,8.0
3534,8.0
3535,9.0
3536,8.0
3537,8.0
3538,6.0
3539,7.0
3540,8.0
3541,8.0
3542,8.0
3543,8.0
3544,8.0
3545,7.0
3546,8.0
3547,8.0
3548,8.0
3549,7.0
3550,7.0
3551,8.0
3552,7.0
3553,8.0
3554,8.0
3555,7.0
3556,8.0
3557,8.0
3558,8.0
3559,8.0
3560,7.0
3561,6.0
3562,8.0
3563,8.0
3564,8.0
3565,8.0
3566,8.0
3567,8.0
3568,9.0
3569,8.0
3570,9.0
3571,7.0
3572,8.0
3573,8.0
3574,8.0
3575,9.0
3576,8.0
3577,8.0
3578,8.0
3579,8.0
3580,7.0
3581,8.0
3582,9.0
3583,8.0
3584,7.0
3585,8.0
3586,9.0
3587,8.0
3588,8.0
3589,8.0
3590,8.0
3591,7.0
3592,8.0
3593,8.0
3594,8.0
3595,8.0
3596,8.0
3597,8.0
3598,7.0
3599,8.0
3600,7.0
3601,8.0
3602,9.0
3603,8.0
3604,8.0
3605,8.0
3606,8.0
3607,8.0
3608,9.0
3609,7.0
3610,7.0
3611,7.0
3612,8.0
3613,7.0
3614,8.0
3615,6.0
3616,9.0
3617,8.0
3618,8.0
3619,8.0
3620,8.0
3621,10.0
3622,9.0
3623,8.0
3624,8.0
3625,8.0
3626,8.0
3627,7.0
3628,8.0
3629,8.0
3630,7.0
3631,7.0
3632,9.0
3633,9.0
3634,7.0
3635,8.0
3636,7.0
3637,7.0
3638,7.0
3639,8.0
3640,7.0
3641,8.0
3642,7.0
3643,8.0
3644,8.0
3645,8.0
3646,8.0
3647,7.0
3648,7.0
3649,9.0
3650,9.0
3651,8.0
3652,8.0
3653,8.0
3654,8.0
3655,8.0
3656,8.0
3657,7.0
3658,7.0
3659,7.0
3660,8.0
3661,9.0
3662,7.0
3663,7.0
3664,8.0
3665,9.0
3666,7.0
3667,10.0
3668,8.0
3669,9.0
3670,8.0
3671,7.0
3672,8.0
3673,8.0
3674,7.0
3675,8.0
3676,7.0
3677,8.0
3678,7.0
3679,8.0
3680,8.0
3681,7.0
3682,8.0
3683,8.0
3684,8.0
3685,6.0
3686,8.0
3687,8.0
3688,7.0
3689,8.0
3690,7.0
3691,7.0
3692,8.0
3693,6.0
3694,7.0
3695,8.0
3696,7.0
3697,8.0
3698,8.0
3699,8.0
3700,8.0
3701,8.0
3702,9.0
3703,8.0
3704,7.0
3705,8.0
3706,7.0
3707,8.0
3708,8.0
3709,8.0
3710,7.0
3711,8.0
3712,6.0
3713,9.0
3714,7.0
3715,7.0
3716,8.0
3717,9.0
3718,9.0
3719,7.0
3720,8.0
3721,7.0
3722,8.0
3723,8.0
3724,8.0
3725,7.0
3726,8.0
3727,8.0
3728,8.0
3729,8.0
3730,7.0
3731,9.0
3732,7.0
3733,9.0
3734,7.0
3735,8.0
3736,7.0
3737,8.0
3738,8.0
3739,8.0
3740,9.0
3741,7.0
3742,9.0
3743,7.0
3744,8.0
3745,8.0
3746,7.0
3747,8.0
3748,9.0
3749,6.0
3750,8.0
3751,8.0
3752,8.0
3753,8.0
3754,8.0
3755,7.0
3756,7.0
3757,8.0
3758,8.0
3759,8.0
3760,7.0
3761,8.0
3762,8.0
3763,6.0
3764,7.0
3765,8.0
3766,10.0
3767,7.0
3768,7.0
3769,7.0
3770,6.0
3771,9.0
3772,8.0
3773,8.0
3774,8.0
3775,8.0
3776,8.0
3777,8.0
3778,7.0
3779,8.0
3780,8.0
3781,8.0
3782,7.0
3783,8.0
3784,8.0
3785,6.0
3786,8.0
3787,7.0
3788,7.0
3789,7.0
3790,7.0
3791,8.0
3792,7.0
3793,8.0
3794,8.0
3795,8.0
3796,8.0
3797,6.0
3798,6.0
3799,7.0
3800,7.0
3801,8.0
3802,6.0
3803,9.0
3804,8.0
3805,6.0
3806,8.0
3807,8.0
3808,9.0
3809,8.0
3810,7.0
3811,8.0
3812,7.0
3813,8.0
3814,8.0
3815,9.0
3816,8.0
3817,8.0
3818,7.0
3819,7.0
3820,8.0
3821,8.0
3822,7.0
3823,6.0
3824,7.0
3825,8.0
3826,8.0
3827,9.0
3828,7.0
3829,8.0
3830,8.0
3831,8.0
3832,8.0
3833,7.0
3834,8.0
3835,8.0
3836,7.0
3837,8.0
3838,8.0
3839,7.0
3840,8.0
3841,8.0
3842,8.0
3843,6.0
3844,8.0
3845,8.0
3846,8.0
3847,7.0
3848,7.0
3849,8.0
3850,7.0
3851,9.0
3852,7.0
3853,8.0
3854,7.0
3855,9.0
3856,8.0
3857,8.0
3858,7.0
3859,8.0
3860,7.0
3861,8.0
3862,8.0
3863,8.0
3864,8.0
3865,9.0
3866,8.0
3867,6.0
3868,7.0
3869,8.0
3870,8.0
3871,8.0
3872,7.0
3873,8.0
3874,7.0
3875,7.0
3876,8.0
3877,8.0
3878,7.0
3879,8.0
3880,8.0
3881,6.0
3882,8.0
3883,7.0
3884,8.0
3885,8.0
3886,6.0
3887,9.0
3888,9.0
3889,8.0
3890,9.0
3891,9.0
3892,9.0
3893,8.0
3894,8.0
3895,9.0
3896,8.0
3897,8.0
3898,8.0
3899,7.0
3900,8.0
3901,8.0
3902,7.0
3903,7.0
3904,9.0
3905,7.0
3906,8.0
3907,8.0
3908,8.0
3909,9.0
3910,8.0
3911,8.0
3912,7.0
3913,8.0
3914,6.0
3915,7.0
3916,8.0
3917,8.0
3918,8.0
3919,8.0
3920,8.0
3921,7.0
3922,7.0
3923,7.0
3924,8.0
3925,7.0
3926,8.0
3927,8.0
3928,8.0
3929,7.0
3930,7.0
3931,8.0
3932,7.0
3933,8.0
3934,8.0
3935,8.0
3936,7.0
3937,8.0
3938,7.0
3939,9.0
3940,7.0
3941,7.0
3942,7.0
3943,7.0
3944,8.0
3945,9.0
3946,8.0
3947,7.0
3948,8.0
3949,8.0
3950,8.0
3951,8.0
3952,8.0
3953,9.0
3954,8.0
3955,8.0
3956,7.0
3957,8.0
3958,7.0
3959,8.0
3960,8.0
3961,6.0
3962,8.0
3963,7.0
3964,8.0
3965,8.0
3966,7.0
3967,7.0
3968,7.0
3969,8.0
3970,7.0
3971,7.0
3972,7.0
3973,8.0
3974,7.0
3975,8.0
3976,7.0
3977,8.0
3978,7.0
3979,8.0
3980,8.0
3981,7.0
3982,7.0
3983,9.0
3984,8.0
3985,7.0
3986,8.0
3987,8.0
3988,8.0
3989,8.0
3990,8.0
3991,8.0
3992,7.0
3993,8.0
3994,8.0
3995,7.0
3996,8.0
3997,8.0
3998,8.0
3999,9.0
4000,8.0
4001,7.0
4002,9.0
4003,8.0
4004,8.0
4005,8.0
4006,8.0
4007,7.0
4008,8.0
4009,7.0
4010,7.0
4011,9.0
4012,9.0
4013,6.0
4014,8.0
4015,9.0
4016,7.0
4017,8.0
4018,6.0
4019,7.0
4020,7.0
4021,8.0
4022,7.0
4023,8.0
4024,8.0
4025,9.0
4026,8.0
4027,8.0
4028,7.0
4029,6.0
4030,8.0
4031,7.0
4032,8.0
4033,8.0
4034,8.0
4035,7.0
4036,7.0
4037,8.0
4038,8.0
4039,9.0
4040,8.0
4041,8.0
4042,7.0
4043,8.0
4044,8.0
4045,7.0
4046,8.0
4047,7.0
4048,8.0
4049,8.0
4050,8.0
4051,8.0
4052,7.0
4053,8.0
4054,8.0
4055,8.0
4056,8.0
4057,7.0
4058,8.0
4059,9.0
4060,8.0
4061,7.0
4062,9.0
4063,8.0
4064,8.0
4065,8.0
4066,8.0
4067,8.0
4068,9.0
4069,9.0
4070,7.0
4071,8.0
4072,6.0
4073,7.0
4074,8.0
4075,7.0
4076,8.0
4077,8.0
4078,7.0
4079,7.0
4080,8.0
4081,8.0
4082,7.0
4083,8.0
4084,8.0
4085,8.0
4086,8.0
4087,8.0
4088,8.0
4089,8.0
4090,8.0
4091,8.0
4092,8.0
4093,9.0
4094,8.0
4095,8.0
4096,8.0
4097,7.0
4098,8.0
4099,8.0
4100,7.0
4101,7.0
4102,7.0
4103,8.0
4104,8.0
4105,9.0
4106,8.0
4107,7.0
4108,8.0
4109,8.0
4110,8.0
4111,7.0
4112,8.0
4113,9.0
4114,8.0
4115,8.0
4116,7.0
4117,7.0
4118,8.0
4119,8.0
4120,8.0
4121,9.0
4122,7.0
4123,8.0
4124,8.0
4125,7.0
4126,7.0
4127,9.0
4128,7.0
4129,9.0
4130,8.0
4131,6.0
4132,8.0
4133,6.0
4134,6.0
4135,8.0
4136,9.0
4137,8.0
4138,8.0
4139,8.0
4140,8.0
4141,7.0
4142,9.0
4143,6.0
4144,9.0
4145,7.0
4146,8.0
4147,8.0
4148,8.0
4149,9.0
4150,8.0
4151,8.0
4152,8.0
4153,8.0
4154,8.0
4155,7.0
4156,6.0
4157,8.0
4158,8.0
4159,7.0
4160,8.0
4161,8.0
4162,6.0
4163,8.0
4164,8.0
4165,8.0
4166,8.0
4167,7.0
4168,8.0
4169,8.0
4170,8.0
4171,8.0
4172,8.0
4173,9.0
4174,8.0
4175,7.0
4176,6.0
4177,6.0
4178,7.0
4179,8.0
4180,8.0
4181,8.0
4182,9.0
4183,8.0
4184,7.0
4185,8.0
4186,8.0
4187,6.0
4188,7.0
4189,8.0
4190,7.0
4191,7.0
4192,9.0
4193,8.0
4194,9.0
4195,8.0
4196,8.0
4197,9.0
4198,7.0
4199,8.0
4200,8.0
4201,7.0
4202,9.0
4203,8.0
4204,8.0
4205,8.0
4206,8.0
4207,7.0
4208,8.0
4209,7.0
4210,7.0
4211,8.0
4212,8.0
4213,7.0
4214,9.0
4215,8.0
4216,8.0
4217,8.0
4218,7.0
4219,8.0
4220,8.0
4221,7.0
4222,7.0
4223,8.0
4224,8.0
4225,7.0
4226,8.0
4227,8.0
4228,8.0
4229,8.0
4230,8.0
4231,7.0
4232,7.0
4233,8.0
4234,8.0
4235,8.0
4236,9.0
4237,7.0
4238,9.0
4239,8.0
4240,7.0
4241,8.0
4242,8.0
4243,7.0
4244,8.0
4245,8.0
4246,8.0
4247,8.0
4248,7.0
4249,8.0
4250,8.0
4251,7.0
4252,8.0
4253,7.0
4254,8.0
4255,8.0
4256,7.0
4257,8.0
4258,9.0
4259,9.0
4260,8.0
4261,8.0
4262,8.0
4263,8.0
4264,9.0
4265,9.0
4266,8.0
4267,8.0
4268,8.0
4269,6.0
4270,8.0
4271,9.0
4272,9.0
4273,8.0
4274,8.0
4275,7.0
4276,8.0
4277,7.0
4278,8.0
4279,7.0
4280,8.0
4281,8.0
4282,8.0
4283,8.0
4284,8.0
4285,8.0
4286,8.0
4287,7.0
4288,8.0
4289,7.0
4290,7.0
4291,8.0
4292,8.0
4293,7.0
4294,7.0
4295,6.0
4296,8.0
4297,7.0
4298,9.0
4299,8.0
4300,7.0
4301,7.0
4302,7.0
4303,8.0
4304,8.0
4305,6.0
4306,8.0
4307,8.0
4308,8.0
4309,7.0
4310,8.0
4311,7.0
4312,8.0
4313,9.0
4314,9.0
4315,7.0
4316,8.0
4317,8.0
4318,8.0
4319,9.0
4320,7.0
4321,8.0
4322,8.0
4323,8.0
4324,8.0
4325,8.0
4326,9.0
4327,8.0
4328,8.0
4329,7.0
4330,8.0
4331,6.0
4332,6.0
4333,6.0
4334,6.0
4335,8.0
4336,6.0
4337,6.0
4338,6.0
4339,8.0
4340,6.0
4341,7.0
4342,6.0
4343,6.0
4344,6.0
4345,7.0
4346,7.0
4347,8.0
4348,6.0
4349,7.0
4350,6.0
4351,6.0
4352,6.0
4353,8.0
4354,6.0
4355,6.0
4356,8.0
4357,6.0
4358,8.0
4359,7.0
4360,7.0
4361,7.0
4362,6.0
4363,8.0
4364,6.0
4365,6.0
4366,6.0
4367,6.0
4368,6.0
4369,6.0
4370,6.0
4371,6.0
4372,6.0
4373,6.0
4374,7.0
4375,6.0
4376,6.0
4377,6.0
4378,6.0
4379,6.0
4380,6.0
4381,6.0
4382,7.0
4383,6.0
4384,6.0
4385,6.0
4386,6.0
4387,6.0
4388,6.0
4389,8.0
4390,6.0
4391,8.0
4392,9.0
4393,8.0
4394,8.0
4395,8.0
4396,8.0
4397,8.0
4398,8.0
4399,6.0
4400,7.0
4401,8.0
4402,8.0
4403,7.0
4404,6.0
4405,8.0
4406,6.0
4407,8.0
4408,8.0
4409,8.0
4410,7.0
4411,8.0
4412,8.0
4413,9.0
4414,9.0
4415,8.0
4416,6.0
4417,8.0
4418,8.0
4419,8.0
4420,8.0
4421,8.0
4422,8.0
4423,9.0
4424,8.0
4425,9.0
4426,7.0
4427,8.0
4428,8.0
4429,9.0
4430,8.0
4431,8.0
4432,8.0
4433,8.0
4434,8.0
4435,7.0
4436,8.0
4437,7.0
4438,8.0
4439,8.0
4440,7.0
4441,7.0
4442,8.0
4443,8.0
4444,7.0
4445,8.0
4446,6.0
4447,8.0
4448,8.0
4449,8.0
4450,9.0
4451,7.0
4452,9.0
4453,7.0
4454,8.0
4455,8.0
4456,8.0
4457,7.0
4458,8.0
4459,6.0
4460,8.0
4461,8.0
4462,7.0
4463,8.0
4464,7.0
4465,8.0
4466,8.0
4467,7.0
4468,8.0
4469,9.0
4470,8.0
4471,8.0
4472,9.0
4473,9.0
4474,9.0
4475,7.0
4476,8.0
4477,9.0
4478,8.0
4479,9.0
4480,7.0
4481,7.0
4482,9.0
4483,9.0
4484,8.0
4485,8.0
4486,8.0
4487,8.0
4488,9.0
4489,8.0
4490,9.0
4491,8.0
4492,8.0
4493,8.0
4494,8.0
4495,8.0
4496,7.0
4497,7.0
4498,9.0
4499,8.0
4500,8.0
4501,9.0
4502,8.0
4503,7.0
4504,8.0
4505,8.0
4506,8.0
4507,8.0
4508,8.0
4509,8.0
4510,8.0
4511,8.0
4512,8.0
4513,9.0
4514,8.0
4515,9.0
4516,8.0
4517,7.0
4518,8.0
4519,9.0
4520,8.0
4521,8.0
4522,8.0
4523,8.0
4524,8.0
4525,8.0
4526,8.0
4527,9.0
4528,8.0
4529,8.0
4530,8.0
4531,7.0
4532,8.0
4533,7.0
4534,9.0
4535,8.0
4536,8.0
4537,8.0
4538,9.0
4539,8.0
4540,9.0
4541,8.0
4542,8.0
4543,9.0
4544,8.0
4545,9.0
4546,7.0
4547,8.0
4548,8.0
4549,8.0
4550,6.0
4551,8.0
4552,6.0
4553,8.0
4554,6.0
4555,6.0
4556,8.0
4557,7.0
4558,9.0
4559,8.0
4560,8.0
4561,8.0
4562,8.0
4563,6.0
4564,6.0
4565,8.0
4566,8.0
4567,8.0
4568,7.0
4569,9.0
4570,7.0
4571,7.0
4572,7.0
4573,8.0
4574,8.0
4575,8.0
4576,8.0
4577,8.0
4578,8.0
4579,8.0
4580,7.0
4581,8.0
4582,8.0
4583,8.0
4584,7.0
4585,8.0
4586,7.0
4587,8.0
4588,6.0
4589,7.0
4590,9.0
4591,9.0
4592,8.0
4593,8.0
4594,8.0
4595,7.0
4596,8.0
4597,8.0
4598,7.0
4599,8.0
4600,8.0
4601,6.0
4602,8.0
4603,8.0
4604,7.0
4605,8.0
4606,8.0
4607,8.0
4608,9.0
4609,8.0
4610,8.0
4611,8.0
4612,9.0
4613,9.0
4614,8.0
4615,8.0
4616,8.0
4617,8.0
4618,8.0
4619,7.0
4620,8.0
4621,7.0
4622,8.0
4623,7.0
4624,8.0
4625,7.0
4626,8.0
4627,7.0
4628,7.0
4629,8.0
4630,8.0
4631,8.0
4632,9.0
4633,9.0
4634,8.0
4635,8.0
4636,8.0
4637,6.0
4638,8.0
4639,7.0
4640,7.0
4641,8.0
4642,7.0
4643,8.0
4644,8.0
4645,8.0
4646,8.0
4647,8.0
4648,7.0
4649,8.0
4650,7.0
4651,7.0
4652,8.0
4653,8.0
4654,8.0
4655,8.0
4656,8.0
4657,8.0
4658,7.0
4659,8.0
4660,7.0
4661,8.0
4662,8.0
4663,8.0
4664,8.0
4665,7.0
4666,8.0
4667,8.0
4668,8.0
4669,8.0
4670,7.0
4671,8.0
4672,8.0
4673,8.0
4674,8.0
4675,8.0
4676,7.0
4677,8.0
4678,9.0
4679,8.0
4680,7.0
4681,8.0
4682,8.0
4683,8.0
4684,9.0
4685,9.0
4686,8.0
4687,7.0
4688,7.0
4689,8.0
4690,8.0
4691,8.0
4692,7.0
4693,8.0
4694,8.0
4695,7.0
4696,7.0
4697,7.0
4698,7.0
4699,8.0
4700,8.0
4701,9.0
4702,8.0
4703,8.0
4704,8.0
4705,8.0
4706,8.0
4707,8.0
4708,8.0
4709,8.0
4710,8.0
4711,8.0
4712,7.0
4713,7.0
4714,8.0
4715,8.0
4716,7.0
4717,7.0
4718,9.0
4719,9.0
4720,8.0
4721,7.0
4722,8.0
4723,8.0
4724,8.0
4725,7.0
4726,6.0
4727,8.0
4728,8.0
4729,8.0
4730,9.0
4731,6.0
4732,9.0
4733,8.0
4734,8.0
4735,8.0
4736,8.0
4737,9.0
4738,7.0
4739,8.0
4740,9.0
4741,7.0
4742,8.0
4743,8.0
4744,6.0
4745,7.0
4746,8.0
4747,8.0
4748,9.0
4749,8.0
4750,7.0
4751,9.0
4752,7.0
4753,8.0
4754,7.0
4755,8.0
4756,8.0
4757,8.0
4758,8.0
4759,8.0
4760,9.0
4761,7.0
4762,9.0
4763,8.0
4764,8.0
4765,8.0
4766,8.0
4767,8.0
4768,8.0
4769,8.0
4770,7.0
4771,9.0
4772,8.0
4773,7.0
4774,9.0
4775,8.0
4776,8.0
4777,8.0
4778,8.0
4779,6.0
4780,8.0
4781,8.0
4782,8.0
4783,8.0
4784,8.0
4785,8.0
4786,8.0
4787,8.0
4788,6.0
4789,8.0
4790,8.0
4791,6.0
4792,6.0
4793,6.0
4794,6.0
4795,6.0
4796,6.0
4797,6.0
4798,6.0
4799,6.0
4800,9.0
4801,7.0
4802,6.0
4803,6.0
4804,8.0
4805,6.0
4806,6.0
4807,6.0
4808,6.0
4809,6.0
4810,6.0
4811,6.0
4812,6.0
4813,6.0
4814,6.0
4815,6.0
4816,6.0
4817,6.0
4818,8.0
4819,6.0
4820,7.0
4821,6.0
4822,6.0
4823,6.0
4824,8.0
4825,6.0
4826,6.0
4827,8.0
4828,6.0
4829,6.0
4830,6.0
4831,8.0
4832,8.0
4833,8.0
4834,8.0
4835,8.0
4836,8.0
4837,6.0
4838,8.0
4839,8.0
4840,8.0
4841,8.0
4842,8.0
4843,8.0
4844,8.0
4845,8.0
4846,8.0
4847,8.0
4848,8.0
4849,8.0
4850,8.0
4851,6.0
4852,8.0
4853,6.0
4854,8.0
4855,8.0
4856,8.0
4857,6.0
4858,7.0
4859,6.0
4860,6.0
4861,8.0
4862,8.0
4863,6.0
4864,8.0
4865,8.0
4866,8.0
4867,8.0
4868,6.0
4869,7.0
4870,7.0
4871,8.0
4872,8.0
4873,8.0
4874,8.0
4875,9.0
4876,8.0
4877,9.0
4878,8.0
4879,9.0
4880,8.0
4881,8.0
4882,8.0
4883,6.0
4884,8.0
4885,8.0
4886,8.0
4887,6.0
4888,8.0
4889,8.0
4890,8.0
4891,8.0
4892,6.0
4893,8.0
4894,8.0
4895,8.0
4896,8.0
4897,8.0
4898,7.0
4899,8.0
4900,8.0
4901,8.0
4902,7.0
4903,8.0
4904,8.0
4905,8.0
4906,8.0
4907,6.0
4908,9.0
4909,9.0
4910,7.0
4911,7.0
4912,7.0
4913,7.0
4914,8.0
4915,8.0
4916,8.0
4917,8.0
4918,9.0
4919,8.0
4920,8.0
4921,8.0
4922,8.0
4923,8.0
4924,8.0
4925,8.0
4926,8.0
4927,6.0
4928,8.0
4929,7.0
4930,8.0
4931,7.0
4932,8.0
4933,7.0
4934,8.0
4935,8.0
4936,8.0
4937,8.0
4938,8.0
4939,8.0
4940,8.0
4941,8.0
4942,8.0
4943,8.0
4944,9.0
4945,9.0
4946,8.0
4947,8.0
4948,9.0
4949,6.0
4950,8.0
4951,8.0
4952,9.0
4953,8.0
4954,8.0
4955,8.0
4956,8.0
4957,8.0
4958,8.0
4959,8.0
4960,6.0
4961,8.0
4962,6.0
4963,8.0
4964,8.0
4965,9.0
4966,8.0
4967,6.0
4968,8.0
4969,8.0
4970,8.0
4971,8.0
4972,7.0
4973,8.0
4974,7.0
4975,7.0
4976,7.0
4977,8.0
4978,7.0
4979,9.0
4980,8.0
4981,7.0
4982,9.0
4983,8.0
4984,8.0
4985,8.0
4986,8.0
4987,8.0
4988,8.0
4989,7.0
4990,8.0
4991,8.0
4992,9.0
4993,8.0
4994,8.0
4995,8.0
4996,7.0
4997,8.0
4998,8.0
4999,9.0
5000,8.0
5001,8.0
5002,8.0
5003,8.0
5004,8.0
5005,9.0
5006,7.0
5007,8.0
5008,7.0
5009,7.0
5010,7.0
5011,7.0
5012,8.0
5013,7.0
5014,8.0
5015,7.0
5016,7.0
5017,8.0
5018,8.0
5019,9.0
5020,8.0
5021,7.0
5022,8.0
5023,9.0
5024,7.0
5025,9.0
5026,8.0
5027,8.0
5028,8.0
5029,8.0
5030,9.0
5031,7.0
5032,8.0
5033,7.0
5034,7.0
5035,7.0
5036,8.0
5037,8.0
5038,8.0
5039,7.0
5040,8.0
5041,7.0
5042,8.0
5043,7.0
5044,8.0
5045,9.0
5046,9.0
5047,8.0
5048,8.0
5049,8.0
5050,8.0
5051,9.0
5052,8.0
5053,8.0
5054,9.0
5055,7.0
5056,9.0
5057,8.0
5058,8.0
5059,7.0
5060,8.0
5061,9.0
5062,8.0
5063,7.0
5064,8.0
5065,7.0
5066,8.0
5067,8.0
5068,8.0
5069,8.0
5070,8.0
5071,6.0
5072,6.0
5073,8.0
5074,8.0
5075,6.0
5076,6.0
5077,7.0
5078,6.0
5079,6.0
5080,8.0
5081,6.0
5082,6.0
5083,6.0
5084,6.0
5085,6.0
5086,6.0
5087,8.0
5088,8.0
5089,6.0
5090,6.0
5091,7.0
5092,6.0
5093,8.0
5094,7.0
5095,7.0
5096,8.0
5097,6.0
5098,7.0
5099,7.0
5100,7.0
5101,9.0
5102,8.0
5103,8.0
5104,9.0
5105,8.0
5106,8.0
5107,9.0
5108,8.0
5109,7.0
5110,8.0
5111,8.0
5112,8.0
5113,8.0
5114,8.0
5115,8.0
5116,8.0
5117,9.0
5118,9.0
5119,9.0
5120,7.0
5121,9.0
5122,8.0
5123,8.0
5124,8.0
5125,8.0
5126,8.0
5127,7.0
5128,7.0
5129,7.0
5130,7.0
5131,7.0
5132,8.0
5133,9.0
5134,8.0
5135,8.0
5136,8.0
5137,7.0
5138,8.0
5139,8.0
5140,8.0
5141,7.0
5142,7.0
5143,7.0
5144,8.0
5145,8.0
5146,6.0
5147,7.0
5148,7.0
5149,7.0
5150,8.0
5151,7.0
5152,7.0
5153,9.0
5154,8.0
5155,8.0
5156,8.0
5157,9.0
5158,8.0
5159,8.0
5160,8.0
5161,8.0
5162,8.0
5163,8.0
5164,7.0
5165,8.0
5166,8.0
5167,7.0
5168,7.0
5169,8.0
5170,8.0
5171,8.0
5172,9.0
5173,7.0
5174,8.0
5175,9.0
5176,8.0
5177,9.0
5178,7.0
5179,8.0
5180,8.0
5181,8.0
5182,9.0
5183,7.0
5184,8.0
5185,8.0
5186,8.0
5187,7.0
5188,9.0
5189,8.0
5190,8.0
5191,8.0
5192,7.0
5193,7.0
5194,8.0
5195,9.0
5196,7.0
5197,8.0
5198,9.0
5199,8.0
5200,7.0
5201,8.0
5202,7.0
5203,6.0
5204,8.0
5205,7.0
5206,6.0
5207,7.0
5208,7.0
5209,7.0
5210,8.0
5211,7.0
5212,7.0
5213,7.0
5214,7.0
5215,7.0
5216,8.0
5217,7.0
5218,7.0
5219,7.0
5220,7.0
5221,7.0
5222,7.0
5223,7.0
5224,8.0
5225,8.0
5226,6.0
5227,7.0
5228,7.0
5229,7.0
5230,7.0
5231,7.0
5232,7.0
5233,7.0
5234,7.0
5235,7.0
5236,8.0
5237,6.0
5238,7.0
5239,6.0
5240,8.0
5241,7.0
5242,7.0
5243,7.0
5244,7.0
5245,7.0
5246,9.0
5247,7.0
5248,7.0
5249,7.0
5250,7.0
5251,9.0
5252,7.0
5253,7.0
5254,8.0
5255,7.0
5256,8.0
5257,7.0
5258,9.0
5259,8.0
5260,8.0
5261,8.0
5262,8.0
5263,8.0
5264,8.0
5265,7.0
5266,8.0
5267,9.0
5268,9.0
5269,9.0
5270,7.0
5271,8.0
5272,8.0
5273,6.0
5274,7.0
5275,7.0
5276,8.0
5277,8.0
5278,8.0
5279,8.0
5280,7.0
5281,8.0
5282,7.0
5283,8.0
5284,6.0
5285,8.0
5286,9.0
5287,8.0
5288,8.0
5289,7.0
5290,7.0
5291,7.0
5292,8.0
5293,8.0
5294,8.0
5295,7.0
5296,8.0
5297,8.0
5298,7.0
5299,8.0
5300,8.0
5301,8.0
5302,7.0
5303,8.0
5304,7.0
5305,8.0
5306,7.0
5307,8.0
5308,7.0
5309,7.0
5310,8.0
5311,9.0
5312,8.0
5313,8.0
5314,7.0
5315,7.0
5316,6.0
5317,8.0
5318,8.0
5319,8.0
5320,9.0
5321,8.0
5322,8.0
5323,8.0
5324,8.0
5325,8.0
5326,8.0
5327,8.0
5328,8.0
5329,7.0
5330,7.0
5331,8.0
5332,7.0
5333,8.0
5334,8.0
5335,8.0
5336,8.0
5337,7.0
5338,8.0
5339,7.0
5340,7.0
5341,7.0
5342,7.0
5343,7.0
5344,8.0
5345,7.0
5346,8.0
5347,7.0
5348,8.0
5349,8.0
5350,8.0
5351,7.0
5352,9.0
5353,8.0
5354,8.0
5355,8.0
5356,9.0
5357,8.0
5358,9.0
5359,7.0
5360,7.0
5361,8.0
5362,8.0
5363,9.0
5364,7.0
5365,7.0
5366,8.0
5367,8.0
5368,8.0
5369,7.0
5370,8.0
5371,8.0
5372,7.0
5373,8.0
5374,8.0
5375,7.0
5376,8.0
5377,7.0
5378,7.0
5379,7.0
5380,8.0
5381,6.0
5382,6.0
5383,6.0
5384,6.0
5385,6.0
5386,6.0
5387,6.0
5388,6.0
5389,6.0
5390,6.0
5391,7.0
5392,6.0
5393,6.0
5394,6.0
5395,7.0
5396,6.0
5397,6.0
5398,8.0
5399,6.0
5400,6.0
5401,6.0
5402,6.0
5403,6.0
5404,6.0
5405,6.0
5406,6.0
5407,6.0
5408,6.0
5409,6.0
5410,6.0
5411,6.0
5412,6.0
5413,8.0
5414,8.0
5415,6.0
5416,6.0
5417,6.0
5418,6.0
5419,6.0
5420,6.0
5421,6.0
5422,8.0
5423,6.0
5424,6.0
5425,7.0
5426,6.0
5427,6.0
5428,6.0
5429,6.0
5430,7.0
5431,8.0
5432,6.0
5433,6.0
5434,8.0
5435,7.0
5436,6.0
5437,6.0
5438,6.0
5439,8.0
5440,6.0
5441,6.0
5442,6.0
5443,6.0
5444,6.0
5445,6.0
5446,6.0
5447,6.0
5448,8.0
5449,6.0
5450,6.0
5451,6.0
5452,7.0
5453,8.0
5454,7.0
5455,6.0
5456,6.0
5457,6.0
5458,6.0
5459,6.0
5460,8.0
5461,6.0
5462,6.0
5463,7.0
5464,7.0
5465,7.0
5466,6.0
5467,6.0
5468,6.0
5469,8.0
5470,6.0
5471,8.0
5472,8.0
5473,8.0
5474,6.0
5475,6.0
5476,7.0
5477,8.0
5478,8.0
5479,8.0
5480,8.0
5481,9.0
5482,8.0
5483,9.0
5484,7.0
5485,9.0
5486,7.0
5487,8.0
5488,8.0
5489,7.0
5490,8.0
5491,8.0
5492,8.0
5493,7.0
5494,9.0
5495,8.0
5496,8.0
5497,8.0
5498,9.0
5499,8.0
5500,8.0
5501,8.0
5502,8.0
5503,7.0
5504,6.0
5505,8.0
5506,8.0
5507,8.0
5508,8.0
5509,8.0
5510,7.0
5511,7.0
5512,8.0
5513,8.0
5514,8.0
5515,8.0
5516,8.0
5517,7.0
5518,7.0
5519,8.0
5520,9.0
5521,8.0
5522,8.0
5523,8.0
5524,7.0
5525,8.0
5526,8.0
5527,8.0
5528,9.0
5529,9.0
5530,7.0
5531,9.0
5532,8.0
5533,8.0
5534,8.0
5535,8.0
5536,8.0
5537,8.0
5538,8.0
5539,7.0
5540,8.0
5541,8.0
5542,9.0
5543,8.0
5544,7.0
5545,8.0
5546,8.0
5547,8.0
5548,8.0
5549,8.0
5550,7.0
5551,7.0
5552,7.0
5553,8.0
5554,8.0
5555,8.0
5556,7.0
5557,9.0
5558,8.0
5559,8.0
5560,8.0
5561,8.0
5562,7.0
5563,8.0
5564,8.0
5565,9.0
5566,8.0
5567,8.0
5568,8.0
5569,8.0
5570,9.0
5571,8.0
5572,9.0
5573,8.0
5574,8.0
5575,9.0
5576,8.0
5577,8.0
5578,8.0
5579,8.0
5580,8.0
5581,8.0
5582,7.0
5583,8.0
5584,6.0
5585,7.0
5586,9.0
5587,8.0
5588,8.0
5589,8.0
5590,7.0
5591,6.0
5592,6.0
5593,6.0
5594,6.0
5595,6.0
5596,6.0
5597,6.0
5598,6.0
5599,7.0
5600,7.0
5601,7.0
5602,6.0
5603,6.0
5604,6.0
5605,6.0
5606,8.0
5607,6.0
5608,6.0
5609,6.0
5610,6.0
5611,6.0
5612,7.0
5613,6.0
5614,6.0
5615,6.0
5616,6.0
5617,6.0
5618,6.0
5619,6.0
5620,6.0
5621,6.0
5622,6.0
5623,7.0
5624,6.0
5625,6.0
5626,8.0
5627,6.0
5628,6.0
5629,6.0
5630,6.0
5631,6.0
5632,6.0
5633,6.0
5634,6.0
5635,6.0
5636,7.0
5637,7.0
5638,8.0
5639,9.0
5640,6.0
5641,6.0
5642,7.0
5643,7.0
5644,8.0
5645,6.0
5646,8.0
5647,8.0
5648,8.0
5649,8.0
5650,8.0
5651,9.0
5652,8.0
5653,7.0
5654,8.0
5655,7.0
5656,7.0
5657,7.0
5658,6.0
5659,8.0
5660,8.0
5661,7.0
5662,8.0
5663,8.0
5664,9.0
5665,8.0
5666,8.0
5667,7.0
5668,8.0
5669,7.0
5670,10.0
5671,8.0
5672,8.0
5673,8.0
5674,8.0
5675,8.0
5676,7.0
5677,7.0
5678,9.0
5679,8.0
5680,8.0
5681,8.0
5682,7.0
5683,7.0
5684,8.0
5685,7.0
5686,8.0
5687,7.0
5688,8.0
5689,7.0
5690,8.0
5691,8.0
5692,9.0
5693,8.0
5694,8.0
5695,7.0
5696,8.0
5697,7.0
5698,8.0
5699,7.0
5700,8.0
5701,8.0
5702,8.0
5703,8.0
5704,8.0
5705,8.0
5706,8.0
5707,9.0
5708,7.0
5709,8.0
5710,8.0
5711,8.0
5712,7.0
5713,9.0
5714,7.0
5715,7.0
5716,7.0
5717,8.0
5718,9.0
5719,8.0
5720,8.0
5721,8.0
5722,8.0
5723,8.0
5724,8.0
5725,8.0
5726,8.0
5727,8.0
5728,8.0
5729,7.0
5730,8.0
5731,9.0
5732,8.0
5733,6.0
5734,8.0
5735,8.0
5736,8.0
5737,8.0
5738,8.0
5739,8.0
5740,7.0
5741,7.0
5742,7.0
5743,8.0
5744,8.0
5745,9.0
5746,7.0
5747,8.0
5748,8.0
5749,8.0
5750,8.0
5751,8.0
5752,8.0
5753,8.0
5754,8.0
5755,8.0
5756,8.0
5757,8.0
5758,7.0
5759,8.0
5760,8.0
5761,7.0
5762,9.0
5763,9.0
5764,9.0
5765,8.0
5766,8.0
5767,8.0
5768,8.0
5769,7.0
5770,8.0
5771,6.0
5772,9.0
5773,7.0
5774,8.0
5775,8.0
5776,8.0
5777,7.0
5778,8.0
5779,7.0
5780,8.0
5781,6.0
5782,8.0
5783,8.0
5784,6.0
5785,7.0
5786,8.0
5787,8.0
5788,9.0
5789,8.0
5790,8.0
5791,8.0
5792,6.0
5793,8.0
5794,8.0
5795,8.0
5796,8.0
5797,8.0
5798,8.0
5799,8.0
5800,6.0
5801,8.0
5802,8.0
5803,8.0
5804,8.0
5805,7.0
5806,8.0
5807,6.0
5808,6.0
5809,6.0
5810,9.0
5811,9.0
5812,8.0
5813,7.0
5814,8.0
5815,8.0
5816,8.0
5817,9.0
5818,6.0
5819,7.0
5820,8.0
5821,9.0
5822,6.0
5823,8.0
5824,8.0
5825,8.0
5826,8.0
5827,7.0
5828,8.0
5829,8.0
5830,8.0
5831,9.0
5832,8.0
5833,8.0
5834,8.0
5835,8.0
5836,8.0
5837,8.0
5838,8.0
5839,7.0
5840,7.0
5841,8.0
5842,8.0
5843,8.0
5844,7.0
5845,9.0
5846,7.0
5847,7.0
5848,7.0
5849,8.0
5850,9.0
5851,7.0
5852,8.0
5853,7.0
5854,8.0
5855,7.0
5856,7.0
5857,7.0
5858,7.0
5859,9.0
5860,9.0
5861,8.0
5862,8.0
5863,8.0
5864,8.0
5865,8.0
5866,8.0
5867,8.0
5868,8.0
5869,8.0
5870,7.0
5871,8.0
5872,8.0
5873,8.0
5874,8.0
5875,9.0
5876,8.0
5877,6.0
5878,7.0
5879,8.0
5880,8.0
5881,7.0
5882,8.0
5883,8.0
5884,7.0
5885,7.0
5886,8.0
5887,8.0
5888,8.0
5889,8.0
5890,7.0
5891,8.0
5892,8.0
5893,8.0
5894,7.0
5895,8.0
5896,6.0
5897,8.0
5898,8.0
5899,8.0
5900,8.0
5901,8.0
5902,8.0
5903,8.0
5904,8.0
5905,8.0
5906,8.0
5907,8.0
5908,9.0
5909,8.0
5910,8.0
5911,8.0
5912,8.0
5913,8.0
5914,8.0
5915,7.0
5916,8.0
5917,8.0
5918,8.0
5919,8.0
5920,8.0
5921,8.0
5922,7.0
5923,8.0
5924,7.0
5925,7.0
5926,8.0
5927,8.0
5928,9.0
5929,8.0
5930,8.0
5931,8.0
5932,8.0
5933,8.0
5934,7.0
5935,8.0
5936,9.0
5937,8.0
5938,9.0
5939,8.0
5940,7.0
5941,8.0
5942,8.0
5943,7.0
5944,8.0
5945,8.0
5946,8.0
5947,8.0
5948,8.0
5949,8.0
5950,9.0
5951,8.0
5952,8.0
5953,8.0
5954,9.0
5955,8.0
5956,8.0
5957,8.0
5958,8.0
5959,8.0
5960,7.0
5961,8.0
5962,8.0
5963,8.0
5964,8.0
5965,7.0
5966,7.0
5967,9.0
5968,7.0
5969,8.0
5970,8.0
5971,6.0
5972,7.0
5973,7.0
5974,7.0
5975,6.0
5976,7.0
5977,6.0
5978,7.0
5979,6.0
5980,7.0
5981,7.0
5982,7.0
5983,8.0
5984,6.0
5985,7.0
5986,7.0
5987,7.0
5988,7.0
5989,8.0
5990,7.0
5991,7.0
5992,7.0
5993,7.0
5994,7.0
5995,7.0
5996,7.0
5997,7.0
5998,7.0
5999,7.0
6000,7.0
6001,6.0
6002,6.0
6003,6.0
6004,6.0
6005,6.0
6006,6.0
6007,6.0
6008,8.0
6009,6.0
6010,6.0
6011,6.0
6012,6.0
6013,6.0
6014,6.0
6015,6.0
6016,6.0
6017,6.0
6018,6.0
6019,8.0
6020,6.0
6021,7.0
6022,7.0
6023,6.0
6024,7.0
6025,8.0
6026,8.0
6027,6.0
6028,7.0
6029,7.0
6030,7.0
6031,7.0
6032,7.0
6033,8.0
6034,8.0
6035,7.0
6036,8.0
6037,7.0
6038,7.0
6039,7.0
6040,8.0
6041,7.0
6042,7.0
6043,6.0
6044,9.0
6045,8.0
6046,8.0
6047,6.0
6048,7.0
6049,7.0
6050,7.0
6051,8.0
6052,8.0
6053,8.0
6054,7.0
6055,8.0
6056,7.0
6057,8.0
6058,6.0
6059,8.0
6060,8.0
6061,8.0
6062,7.0
6063,8.0
6064,7.0
6065,8.0
6066,8.0
6067,8.0
6068,9.0
6069,8.0
6070,8.0
6071,8.0
6072,8.0
6073,9.0
6074,8.0
6075,8.0
6076,8.0
6077,8.0
6078,8.0
6079,8.0
6080,9.0
6081,9.0
6082,8.0
6083,8.0
6084,8.0
6085,8.0
6086,7.0
6087,8.0
6088,8.0
6089,8.0
6090,8.0
6091,8.0
6092,8.0
6093,8.0
6094,8.0
6095,8.0
6096,7.0
6097,8.0
6098,8.0
6099,8.0
6100,8.0
6101,7.0
6102,7.0
6103,9.0
6104,9.0
6105,8.0
6106,8.0
6107,8.0
6108,7.0
6109,8.0
6110,8.0
6111,7.0
6112,7.0
6113,7.0
6114,7.0
6115,7.0
6116,7.0
6117,7.0
6118,7.0
6119,7.0
6120,8.0
6121,7.0
6122,6.0
6123,7.0
6124,7.0
6125,7.0
6126,7.0
6127,7.0
6128,7.0
6129,7.0
6130,6.0
6131,7.0
6132,6.0
6133,6.0
6134,7.0
6135,7.0
6136,7.0
6137,7.0
6138,7.0
6139,7.0
6140,7.0
6141,7.0
6142,6.0
6143,7.0
6144,8.0
6145,7.0
6146,7.0
6147,8.0
6148,7.0
6149,7.0
6150,7.0
6151,7.0
6152,7.0
6153,7.0
6154,7.0
6155,7.0
6156,7.0
6157,7.0
6158,7.0
6159,7.0
6160,7.0
6161,7.0
6162,7.0
6163,7.0
6164,7.0
6165,6.0
6166,6.0
6167,7.0
6168,6.0
6169,8.0
6170,7.0
6171,7.0
6172,7.0
6173,6.0
6174,7.0
6175,7.0
6176,6.0
6177,8.0
6178,6.0
6179,7.0
6180,7.0
6181,6.0
6182,7.0
6183,7.0
6184,6.0
6185,8.0
6186,7.0
6187,8.0
6188,7.0
6189,7.0
6190,7.0
6191,7.0
6192,7.0
6193,7.0
6194,6.0
6195,6.0
6196,7.0
6197,8.0
6198,7.0
6199,7.0
6200,7.0
6201,7.0
6202,6.0
6203,7.0
6204,6.0
6205,7.0
6206,7.0
6207,8.0
6208,7.0
6209,7.0
6210,7.0
6211,7.0
6212,7.0
6213,7.0
6214,7.0
6215,8.0
6216,7.0
6217,7.0
6218,7.0
6219,7.0
6220,7.0
6221,7.0
6222,6.0
6223,7.0
6224,7.0
6225,7.0
6226,7.0
6227,7.0
6228,7.0
6229,7.0
6230,7.0
6231,7.0
6232,7.0
6233,7.0
6234,8.0
6235,7.0
6236,7.0
6237,6.0
6238,7.0
6239,7.0
6240,7.0
6241,6.0
6242,7.0
6243,8.0
6244,8.0
6245,8.0
6246,7.0
6247,9.0
6248,7.0
6249,7.0
6250,7.0
6251,7.0
6252,7.0
6253,7.0
6254,7.0
6255,8.0
6256,7.0
6257,7.0
6258,7.0
6259,6.0
6260,7.0
6261,7.0
6262,7.0
6263,7.0
6264,7.0
6265,7.0
6266,7.0
6267,7.0
6268,8.0
6269,7.0
6270,7.0
6271,7.0
6272,6.0
6273,7.0
6274,7.0
6275,7.0
6276,7.0
6277,7.0
6278,7.0
6279,7.0
6280,7.0
6281,7.0
6282,7.0
6283,7.0
6284,8.0
6285,7.0
6286,7.0
6287,7.0
6288,7.0
6289,7.0
6290,7.0
6291,7.0
6292,6.0
6293,6.0
6294,7.0
6295,6.0
6296,7.0
6297,7.0
6298,7.0
6299,7.0
6300,7.0
6301,7.0
6302,7.0
6303,7.0
6304,7.0
6305,7.0
6306,7.0
6307,7.0
6308,9.0
6309,7.0
6310,7.0
6311,8.0
6312,8.0
6313,7.0
6314,8.0
6315,7.0
6316,7.0
6317,8.0
6318,8.0
6319,8.0
6320,8.0
6321,8.0
6322,8.0
6323,8.0
6324,8.0
6325,7.0
6326,7.0
6327,8.0
6328,8.0
6329,7.0
6330,8.0
6331,7.0
6332,8.0
6333,8.0
6334,7.0
6335,8.0
6336,8.0
6337,7.0
6338,8.0
6339,8.0
6340,8.0
6341,8.0
6342,7.0
6343,8.0
6344,8.0
6345,9.0
6346,8.0
6347,7.0
6348,8.0
6349,6.0
6350,8.0
6351,8.0
6352,8.0
6353,9.0
6354,8.0
6355,7.0
6356,7.0
6357,7.0
6358,9.0
6359,9.0
6360,9.0
6361,8.0
6362,8.0
6363,8.0
6364,8.0
6365,7.0
6366,8.0
6367,8.0
6368,8.0
6369,8.0
6370,8.0
6371,8.0
6372,8.0
6373,8.0
6374,7.0
6375,8.0
6376,8.0
6377,8.0
6378,7.0
6379,7.0
6380,8.0
6381,8.0
6382,8.0
6383,9.0
6384,8.0
6385,8.0
6386,7.0
6387,7.0
6388,8.0
6389,8.0
6390,8.0
6391,8.0
6392,8.0
6393,8.0
6394,8.0
6395,8.0
6396,8.0
6397,8.0
6398,8.0
6399,8.0
6400,8.0
6401,8.0
6402,8.0
6403,9.0
6404,8.0
6405,8.0
6406,8.0
6407,8.0
6408,8.0
6409,8.0
6410,8.0
6411,8.0
6412,7.0
6413,8.0
6414,8.0
6415,7.0
6416,8.0
6417,8.0
6418,8.0
6419,7.0
6420,7.0
6421,8.0
6422,7.0
6423,8.0
6424,7.0
6425,8.0
6426,7.0
6427,8.0
6428,8.0
6429,8.0
6430,9.0
6431,7.0
6432,7.0
6433,7.0
6434,7.0
6435,7.0
6436,7.0
6437,7.0
6438,7.0
6439,6.0
6440,7.0
6441,7.0
6442,7.0
6443,7.0
6444,7.0
6445,7.0
6446,7.0
6447,6.0
6448,7.0
6449,6.0
6450,7.0
6451,7.0
6452,7.0
6453,7.0
6454,7.0
6455,7.0
6456,7.0
6457,7.0
6458,6.0
6459,7.0
6460,7.0
6461,6.0
6462,7.0
6463,7.0
6464,7.0
6465,7.0
6466,7.0
6467,8.0
6468,7.0
6469,7.0
6470,7.0
6471,9.0
6472,7.0
6473,8.0
6474,7.0
6475,8.0
6476,7.0
6477,7.0
6478,7.0
6479,6.0
6480,7.0
6481,6.0
6482,7.0
6483,8.0
6484,7.0
6485,7.0
6486,6.0
6487,7.0
6488,7.0
6489,8.0
6490,7.0
6491,7.0
6492,7.0
6493,7.0
6494,7.0
6495,7.0
6496,7.0
6497,7.0
6498,7.0
6499,7.0
6500,7.0
6501,7.0
6502,7.0
6503,7.0
6504,6.0
6505,8.0
6506,7.0
6507,7.0
6508,7.0
6509,7.0
6510,7.0
6511,7.0
6512,7.0
6513,7.0
6514,7.0
6515,8.0
6516,7.0
6517,7.0
6518,7.0
6519,7.0
6520,7.0
6521,8.0
6522,6.0
6523,8.0
6524,7.0
6525,6.0
6526,7.0
6527,7.0
6528,7.0
6529,7.0
6530,7.0
6531,7.0
6532,8.0
6533,7.0
6534,7.0
6535,7.0
6536,7.0
6537,7.0
6538,7.0
6539,8.0
6540,7.0
6541,7.0
6542,7.0
6543,7.0
6544,7.0
6545,8.0
6546,6.0
6547,8.0
6548,7.0
6549,7.0
6550,7.0
6551,7.0
6552,6.0
6553,7.0
6554,7.0
6555,7.0
6556,8.0
6557,7.0
6558,7.0
6559,7.0
6560,7.0
6561,7.0
6562,8.0
6563,7.0
6564,7.0
6565,7.0
6566,7.0
6567,7.0
6568,7.0
6569,7.0
6570,6.0
6571,7.0
6572,7.0
6573,7.0
6574,8.0
6575,7.0
6576,7.0
6577,8.0
6578,6.0
6579,7.0
6580,7.0
6581,7.0
6582,7.0
6583,7.0
6584,7.0
6585,7.0
6586,7.0
6587,7.0
6588,7.0
6589,7.0
6590,7.0
6591,7.0
6592,7.0
6593,7.0
6594,7.0
6595,7.0
6596,8.0
6597,7.0
6598,7.0
6599,7.0
6600,6.0
6601,7.0
6602,6.0
6603,7.0
6604,7.0
6605,8.0
6606,7.0
6607,7.0
6608,7.0
6609,7.0
6610,8.0
6611,7.0
6612,7.0
6613,7.0
6614,7.0
6615,7.0
6616,6.0
6617,6.0
6618,7.0
6619,7.0
6620,6.0
6621,6.0
6622,7.0
6623,8.0
6624,7.0
6625,7.0
6626,6.0
6627,7.0
6628,7.0
6629,6.0
6630,7.0
6631,7.0
6632,7.0
6633,7.0
6634,7.0
6635,7.0
6636,7.0
6637,7.0
6638,7.0
6639,7.0
6640,7.0
6641,7.0
6642,7.0
6643,7.0
6644,7.0
6645,7.0
6646,7.0
6647,7.0
6648,7.0
6649,8.0
6650,7.0
6651,7.0
6652,7.0
6653,7.0
6654,7.0
6655,7.0
6656,6.0
6657,7.0
6658,7.0
6659,7.0
6660,7.0
6661,6.0
6662,6.0
6663,6.0
6664,6.0
6665,6.0
6666,6.0
6667,6.0
6668,6.0
6669,6.0
6670,6.0
6671,6.0
6672,6.0
6673,6.0
6674,6.0
6675,7.0
6676,8.0
6677,6.0
6678,6.0
6679,6.0
6680,6.0
6681,7.0
6682,7.0
6683,7.0
6684,7.0
6685,7.0
6686,7.0
6687,7.0
6688,7.0
6689,6.0
6690,7.0
6691,7.0
6692,6.0
6693,7.0
6694,7.0
6695,7.0
6696,7.0
6697,6.0
6698,7.0
6699,7.0
6700,7.0
6701,7.0
6702,7.0
6703,7.0
6704,7.0
6705,6.0
6706,7.0
6707,7.0
6708,7.0
6709,7.0
6710,7.0
6711,7.0
6712,7.0
6713,7.0
6714,7.0
6715,7.0
6716,7.0
6717,7.0
6718,7.0
6719,6.0
6720,7.0
6721,7.0
6722,7.0
6723,8.0
6724,7.0
6725,7.0
6726,7.0
6727,6.0
6728,7.0
6729,7.0
6730,7.0
6731,7.0
6732,7.0
6733,7.0
6734,7.0
6735,7.0
6736,7.0
6737,6.0
6738,7.0
6739,7.0
6740,7.0
6741,8.0
6742,8.0
6743,8.0
6744,8.0
6745,8.0
6746,8.0
6747,8.0
6748,8.0
6749,8.0
6750,8.0
6751,8.0
6752,7.0
6753,8.0
6754,8.0
6755,8.0
6756,8.0
6757,8.0
6758,8.0
6759,8.0
6760,9.0
6761,8.0
6762,7.0
6763,8.0
6764,7.0
6765,8.0
6766,8.0
6767,8.0
6768,8.0
6769,7.0
6770,9.0
6771,8.0
6772,6.0
6773,8.0
6774,8.0
6775,8.0
6776,8.0
6777,8.0
6778,8.0
6779,8.0
6780,8.0
6781,8.0
6782,8.0
6783,8.0
6784,8.0
6785,7.0
6786,7.0
6787,7.0
6788,8.0
6789,8.0
6790,8.0
6791,8.0
6792,8.0
6793,8.0
6794,8.0
6795,8.0
6796,7.0
6797,8.0
6798,8.0
6799,8.0
6800,8.0
6801,7.0
6802,6.0
6803,8.0
6804,8.0
6805,8.0
6806,8.0
6807,7.0
6808,7.0
6809,7.0
6810,8.0
6811,8.0
6812,8.0
6813,8.0
6814,7.0
6815,8.0
6816,7.0
6817,8.0
6818,7.0
6819,8.0
6820,8.0
6821,7.0
6822,7.0
6823,6.0
6824,7.0
6825,8.0
6826,7.0
6827,6.0
6828,7.0
6829,7.0
6830,7.0
6831,6.0
6832,6.0
6833,7.0
6834,7.0
6835,8.0
6836,7.0
6837,6.0
6838,7.0
6839,7.0
6840,7.0
6841,7.0
6842,8.0
6843,7.0
6844,7.0
6845,8.0
6846,7.0
6847,7.0
6848,7.0
6849,6.0
6850,7.0
6851,7.0
6852,7.0
6853,7.0
6854,7.0
6855,7.0
6856,7.0
6857,6.0
6858,7.0
6859,7.0
6860,7.0
6861,7.0
6862,7.0
6863,7.0
6864,7.0
6865,7.0
6866,7.0
6867,7.0
6868,7.0
6869,7.0
6870,7.0
6871,7.0
6872,7.0
6873,7.0
6874,7.0
6875,7.0
6876,7.0
6877,7.0
6878,7.0
6879,7.0
6880,7.0
6881,7.0
6882,7.0
6883,7.0
6884,6.0
6885,7.0
6886,7.0
6887,7.0
6888,7.0
6889,7.0
6890,7.0
6891,7.0
6892,7.0
6893,6.0
6894,7.0
6895,7.0
6896,7.0
6897,9.0
6898,7.0
6899,7.0
6900,7.0
6901,7.0
6902,7.0
6903,7.0
6904,7.0
6905,7.0
6906,7.0
6907,7.0
6908,7.0
6909,7.0
6910,6.0
6911,7.0
6912,8.0
6913,6.0
6914,7.0
6915,7.0
6916,8.0
6917,7.0
6918,7.0
6919,7.0
6920,7.0
6921,7.0
6922,7.0
6923,8.0
6924,7.0
6925,7.0
6926,7.0
6927,7.0
6928,7.0
6929,7.0
6930,7.0
6931,7.0
6932,7.0
6933,7.0
6934,7.0
6935,7.0
6936,7.0
6937,7.0
6938,7.0
6939,6.0
6940,7.0
6941,9.0
6942,9.0
6943,7.0
6944,10.0
6945,8.0
6946,8.0
6947,8.0
6948,8.0
6949,7.0
6950,8.0
6951,9.0
6952,8.0
6953,8.0
6954,8.0
6955,8.0
6956,7.0
6957,8.0
6958,7.0
6959,9.0
6960,9.0
6961,7.0
6962,8.0
6963,8.0
6964,8.0
6965,8.0
6966,7.0
6967,7.0
6968,7.0
6969,8.0
6970,9.0
6971,8.0
6972,9.0
6973,9.0
6974,8.0
6975,9.0
6976,8.0
6977,8.0
6978,8.0
6979,8.0
6980,8.0
6981,7.0
6982,7.0
6983,7.0
6984,7.0
6985,7.0
6986,7.0
6987,7.0
6988,7.0
6989,7.0
6990,7.0
6991,7.0
6992,7.0
6993,7.0
6994,7.0
6995,6.0
6996,6.0
6997,7.0
6998,7.0
6999,7.0
7000,7.0
7001,7.0
7002,7.0
7003,7.0
7004,8.0
7005,7.0
7006,7.0
7007,7.0
7008,7.0
7009,7.0
7010,7.0
7011,7.0
7012,7.0
7013,7.0
7014,7.0
7015,7.0
7016,7.0
7017,7.0
7018,7.0
7019,7.0
7020,7.0
7021,7.0
7022,7.0
7023,7.0
7024,7.0
7025,7.0
7026,7.0
7027,7.0
7028,7.0
7029,7.0
7030,7.0
7031,7.0
7032,7.0
7033,7.0
7034,7.0
7035,7.0
7036,7.0
7037,7.0
7038,7.0
7039,7.0
7040,8.0
7041,7.0
7042,7.0
7043,7.0
7044,7.0
7045,7.0
7046,7.0
7047,7.0
7048,7.0
7049,7.0
7050,7.0
7051,7.0
7052,7.0
7053,7.0
7054,7.0
7055,7.0
7056,7.0
7057,7.0
7058,7.0
7059,8.0
7060,7.0
7061,7.0
7062,7.0
7063,7.0
7064,7.0
7065,7.0
7066,7.0
7067,6.0
7068,7.0
7069,6.0
7070,7.0
7071,7.0
7072,7.0
7073,7.0
7074,6.0
7075,7.0
7076,7.0
7077,7.0
7078,7.0
7079,7.0
7080,7.0
7081,6.0
7082,7.0
7083,7.0
7084,7.0
7085,7.0
7086,7.0
7087,7.0
7088,7.0
7089,7.0
7090,7.0
7091,7.0
7092,8.0
7093,7.0
7094,7.0
7095,7.0
7096,7.0
7097,6.0
7098,6.0
7099,6.0
7100,7.0
7101,8.0
7102,8.0
7103,8.0
7104,8.0
7105,8.0
7106,8.0
7107,8.0
7108,8.0
7109,8.0
7110,8.0
7111,8.0
7112,8.0
7113,7.0
7114,8.0
7115,8.0
7116,8.0
7117,7.0
7118,8.0
7119,8.0
7120,8.0
7121,8.0
7122,7.0
7123,8.0
7124,8.0
7125,8.0
7126,8.0
7127,7.0
7128,8.0
7129,8.0
7130,8.0
7131,8.0
7132,8.0
7133,8.0
7134,7.0
7135,7.0
7136,7.0
7137,8.0
7138,8.0
7139,9.0
7140,8.0
7141,8.0
7142,7.0
7143,9.0
7144,8.0
7145,8.0
7146,7.0
7147,8.0
7148,8.0
7149,7.0
7150,8.0
7151,8.0
7152,8.0
7153,8.0
7154,8.0
7155,8.0
7156,8.0
7157,8.0
7158,8.0
7159,9.0
7160,8.0
7161,8.0
7162,8.0
7163,8.0
7164,8.0
7165,8.0
7166,7.0
7167,8.0
7168,8.0
7169,8.0
7170,8.0
7171,8.0
7172,8.0
7173,8.0
7174,8.0
7175,8.0
7176,7.0
7177,8.0
7178,7.0
7179,8.0
7180,8.0
7181,7.0
7182,7.0
7183,7.0
7184,7.0
7185,7.0
7186,7.0
7187,7.0
7188,7.0
7189,7.0
7190,7.0
7191,7.0
7192,7.0
7193,7.0
7194,7.0
7195,6.0
7196,7.0
7197,6.0
7198,7.0
7199,7.0
7200,7.0
7201,6.0
7202,7.0
7203,7.0
7204,7.0
7205,7.0
7206,7.0
7207,7.0
7208,7.0
7209,7.0
7210,7.0
7211,7.0
7212,7.0
7213,7.0
7214,7.0
7215,7.0
7216,6.0
7217,7.0
7218,6.0
7219,7.0
7220,7.0
7221,7.0
7222,7.0
7223,7.0
7224,7.0
7225,7.0
7226,7.0
7227,7.0
7228,6.0
7229,7.0
7230,7.0
7231,7.0
7232,7.0
7233,7.0
7234,7.0
7235,7.0
7236,7.0
7237,7.0
7238,6.0
7239,7.0
7240,7.0
7241,7.0
7242,7.0
7243,7.0
7244,7.0
7245,7.0
7246,6.0
7247,6.0
7248,7.0
7249,7.0
7250,6.0
7251,7.0
7252,7.0
7253,7.0
7254,7.0
7255,7.0
7256,7.0
7257,7.0
7258,7.0
7259,7.0
7260,7.0
7261,7.0
7262,7.0
7263,7.0
7264,7.0
7265,7.0
7266,7.0
7267,7.0
7268,6.0
7269,7.0
7270,7.0
7271,7.0
7272,7.0
7273,7.0
7274,7.0
7275,7.0
7276,7.0
7277,7.0
7278,7.0
7279,7.0
7280,7.0
7281,7.0
7282,7.0
7283,7.0
7284,7.0
7285,7.0
7286,7.0
7287,7.0
7288,7.0
7289,7.0
7290,7.0
7291,7.0
7292,7.0
7293,7.0
7294,7.0
7295,7.0
7296,7.0
7297,7.0
7298,7.0
7299,7.0
7300,7.0
7301,7.0
7302,7.0
7303,7.0
7304,8.0
7305,7.0
7306,7.0
7307,7.0
7308,7.0
7309,7.0
7310,7.0
7311,6.0
7312,7.0
7313,7.0
7314,7.0
7315,6.0
7316,7.0
7317,6.0
7318,7.0
7319,7.0
7320,7.0
7321,7.0
7322,7.0
7323,7.0
7324,7.0
7325,7.0
7326,7.0
7327,7.0
7328,7.0
7329,7.0
7330,7.0
7331,7.0
7332,7.0
7333,7.0
7334,7.0
7335,7.0
7336,7.0
7337,7.0
7338,7.0
7339,7.0
7340,7.0
7341,7.0
7342,7.0
7343,6.0
7344,7.0
7345,6.0
7346,7.0
7347,7.0
7348,7.0
7349,6.0
7350,8.0
7351,7.0
7352,7.0
7353,7.0
7354,7.0
7355,7.0
7356,7.0
7357,7.0
7358,8.0
7359,7.0
7360,6.0
7361,7.0
7362,7.0
7363,7.0
7364,7.0
7365,7.0
7366,7.0
7367,7.0
7368,7.0
7369,7.0
7370,7.0
7371,7.0
7372,8.0
7373,8.0
7374,8.0
7375,8.0
7376,8.0
7377,8.0
7378,7.0
7379,8.0
7380,8.0
7381,9.0
7382,8.0
7383,8.0
7384,8.0
7385,8.0
7386,8.0
7387,8.0
7388,9.0
7389,8.0
7390,8.0
7391,8.0
7392,8.0
7393,8.0
7394,9.0
7395,8.0
7396,7.0
7397,8.0
7398,8.0
7399,8.0
7400,8.0
7401,8.0
7402,8.0
7403,8.0
7404,7.0
7405,7.0
7406,8.0
7407,7.0
7408,9.0
7409,8.0
7410,7.0
7411,8.0
7412,7.0
7413,9.0
7414,8.0
7415,8.0
7416,8.0
7417,8.0
7418,8.0
7419,8.0
7420,8.0
7421,8.0
7422,8.0
7423,8.0
7424,8.0
7425,8.0
7426,7.0
7427,8.0
7428,8.0
7429,8.0
7430,8.0
7431,7.0
7432,7.0
7433,7.0
7434,7.0
7435,7.0
7436,7.0
7437,7.0
7438,7.0
7439,7.0
7440,7.0
7441,7.0
7442,7.0
7443,7.0
7444,7.0
7445,7.0
7446,7.0
7447,7.0
7448,7.0
7449,7.0
7450,6.0
7451,7.0
7452,7.0
7453,7.0
7454,7.0
7455,7.0
7456,7.0
7457,7.0
7458,7.0
7459,6.0
7460,7.0
7461,7.0
7462,7.0
7463,7.0
7464,7.0
7465,7.0
7466,7.0
7467,7.0
7468,7.0
7469,6.0
7470,7.0
7471,7.0
7472,7.0
7473,7.0
7474,7.0
7475,7.0
7476,7.0
7477,7.0
7478,7.0
7479,7.0
7480,7.0
7481,7.0
7482,7.0
7483,7.0
7484,7.0
7485,7.0
7486,7.0
7487,7.0
7488,7.0
7489,7.0
7490,7.0
7491,7.0
7492,7.0
7493,6.0
7494,7.0
7495,7.0
7496,7.0
7497,7.0
7498,7.0
7499,7.0
7500,7.0
7501,7.0
7502,6.0
7503,7.0
7504,6.0
7505,7.0
7506,6.0
7507,6.0
7508,6.0
7509,7.0
7510,6.0
7511,7.0
7512,7.0
7513,7.0
7514,7.0
7515,7.0
7516,7.0
7517,7.0
7518,7.0
7519,7.0
7520,7.0
7521,7.0
7522,7.0
7523,7.0
7524,7.0
7525,7.0
7526,7.0
7527,7.0
7528,7.0
7529,6.0
7530,7.0
7531,7.0
7532,7.0
7533,7.0
7534,7.0
7535,6.0
7536,7.0
7537,7.0
7538,7.0
7539,7.0
7540,6.0
7541,7.0
7542,7.0
7543,7.0
7544,7.0
7545,7.0
7546,7.0
7547,7.0
7548,7.0
7549,6.0
7550,7.0
7551,7.0
7552,7.0
7553,7.0
7554,7.0
7555,7.0
7556,7.0
7557,7.0
7558,7.0
7559,7.0
7560,7.0
7561,7.0
7562,7.0
7563,7.0
7564,7.0
7565,7.0
7566,7.0
7567,7.0
7568,7.0
7569,7.0
7570,7.0
7571,7.0
7572,7.0
7573,7.0
7574,7.0
7575,7.0
7576,7.0
7577,7.0
7578,7.0
7579,7.0
7580,7.0
7581,7.0
7582,7.0
7583,7.0
7584,7.0
7585,7.0
7586,7.0
7587,7.0
7588,7.0
7589,7.0
7590,7.0
7591,7.0
7592,7.0
7593,7.0
7594,7.0
7595,7.0
7596,7.0
7597,7.0
7598,8.0
7599,7.0
7600,7.0
7601,7.0
7602,7.0
7603,7.0
7604,7.0
7605,8.0
7606,7.0
7607,7.0
7608,8.0
7609,7.0
7610,8.0
7611,6.0
7612,7.0
7613,8.0
7614,7.0
7615,8.0
7616,7.0
7617,8.0
7618,7.0
7619,7.0
7620,7.0
7621,8.0
7622,7.0
7623,7.0
7624,7.0
7625,7.0
7626,7.0
7627,8.0
7628,7.0
7629,7.0
7630,7.0
7631,7.0
7632,7.0
7633,7.0
7634,7.0
7635,7.0
7636,7.0
7637,7.0
7638,7.0
7639,7.0
7640,7.0
7641,7.0
7642,7.0
7643,7.0
7644,7.0
7645,7.0
7646,7.0
7647,7.0
7648,7.0
7649,8.0
7650,7.0
7651,7.0
7652,7.0
7653,7.0
7654,7.0
7655,7.0
7656,7.0
7657,7.0
7658,7.0
7659,7.0
7660,7.0
7661,8.0
7662,7.0
7663,7.0
7664,7.0
7665,7.0
7666,7.0
7667,7.0
7668,8.0
7669,7.0
7670,8.0
7671,7.0
7672,7.0
7673,7.0
7674,7.0
7675,7.0
7676,7.0
7677,7.0
7678,7.0
7679,7.0
7680,7.0
7681,7.0
7682,7.0
7683,7.0
7684,7.0
7685,6.0
7686,7.0
7687,7.0
7688,6.0
7689,7.0
7690,7.0
7691,7.0
7692,7.0
7693,6.0
7694,7.0
7695,7.0
7696,7.0
7697,7.0
7698,7.0
7699,7.0
7700,7.0
7701,7.0
7702,7.0
7703,7.0
7704,7.0
7705,7.0
7706,7.0
7707,7.0
7708,7.0
7709,7.0
7710,7.0
7711,7.0
7712,7.0
7713,7.0
7714,7.0
7715,7.0
7716,7.0
7717,7.0
7718,7.0
7719,7.0
7720,7.0
7721,7.0
7722,7.0
7723,7.0
7724,7.0
7725,7.0
7726,7.0
7727,7.0
7728,7.0
7729,7.0
7730,7.0
7731,7.0
7732,7.0
7733,7.0
7734,7.0
7735,7.0
7736,7.0
7737,6.0
7738,7.0
7739,7.0
7740,7.0
7741,7.0
7742,7.0
7743,7.0
7744,7.0
7745,7.0
7746,7.0
7747,8.0
7748,7.0
7749,7.0
7750,7.0
7751,7.0
7752,7.0
7753,7.0
7754,7.0
7755,7.0
7756,7.0
7757,7.0
7758,7.0
7759,7.0
7760,7.0
7761,7.0
7762,7.0
7763,7.0
7764,7.0
7765,7.0
7766,7.0
7767,7.0
7768,7.0
7769,7.0
7770,7.0
7771,7.0
7772,7.0
7773,7.0
7774,7.0
7775,7.0
7776,7.0
7777,7.0
7778,7.0
7779,7.0
7780,8.0
7781,8.0
7782,7.0
7783,7.0
7784,7.0
7785,7.0
7786,7.0
7787,7.0
7788,7.0
7789,8.0
7790,7.0
7791,8.0
7792,7.0
7793,7.0
7794,7.0
7795,8.0
7796,7.0
7797,7.0
7798,8.0
7799,7.0
7800,7.0
7801,7.0
7802,7.0
7803,7.0
7804,7.0
7805,7.0
7806,7.0
7807,7.0
7808,7.0
7809,7.0
7810,7.0
7811,7.0
7812,7.0
7813,7.0
7814,7.0
7815,7.0
7816,7.0
7817,8.0
7818,7.0
7819,7.0
7820,7.0
7821,7.0
7822,7.0
7823,7.0
7824,7.0
7825,7.0
7826,7.0
7827,7.0
7828,7.0
7829,7.0
7830,9.0
7831,7.0
7832,7.0
7833,7.0
7834,9.0
7835,7.0
7836,9.0
7837,8.0
7838,8.0
7839,7.0
7840,9.0
7841,6.0
7842,7.0
7843,7.0
7844,7.0
7845,7.0
7846,7.0
7847,7.0
7848,7.0
7849,7.0
7850,7.0
7851,7.0
7852,7.0
7853,7.0
7854,7.0
7855,7.0
7856,7.0
7857,7.0
7858,8.0
7859,7.0
7860,7.0
7861,7.0
7862,7.0
7863,7.0
7864,7.0
7865,7.0
7866,7.0
7867,7.0
7868,7.0
7869,7.0
7870,7.0
7871,7.0
7872,7.0
7873,7.0
7874,7.0
7875,7.0
7876,7.0
7877,7.0
7878,7.0
7879,7.0
7880,7.0
7881,6.0
7882,7.0
7883,7.0
7884,7.0
7885,7.0
7886,7.0
7887,7.0
7888,7.0
7889,7.0
7890,6.0
7891,7.0
7892,7.0
7893,7.0
7894,7.0
7895,7.0
7896,7.0
7897,7.0
7898,7.0
7899,7.0
7900,7.0
7901,7.0
7902,7.0
7903,7.0
7904,7.0
7905,7.0
7906,7.0
7907,7.0
7908,6.0
7909,7.0
7910,7.0
7911,7.0
7912,7.0
7913,7.0
7914,7.0
7915,7.0
7916,7.0
7917,7.0
7918,7.0
7919,7.0
7920,7.0
7921,7.0
7922,7.0
7923,7.0
7924,7.0
7925,7.0
7926,6.0
7927,7.0
7928,7.0
7929,7.0
7930,7.0
7931,7.0
7932,7.0
7933,7.0
7934,7.0
7935,7.0
7936,7.0
7937,7.0
7938,7.0
7939,7.0
7940,7.0
7941,7.0
7942,7.0
7943,7.0
7944,7.0
7945,7.0
7946,7.0
7947,7.0
7948,7.0
7949,7.0
7950,7.0
7951,7.0
7952,7.0
7953,7.0
7954,7.0
7955,6.0
7956,7.0
7957,7.0
7958,6.0
7959,7.0
7960,7.0
7961,7.0
7962,7.0
7963,7.0
7964,7.0
7965,6.0
7966,7.0
7967,7.0
7968,7.0
7969,7.0
7970,7.0
7971,7.0
7972,7.0
7973,7.0
7974,7.0
7975,7.0
7976,7.0
7977,7.0
7978,7.0
7979,7.0
7980,7.0
7981,7.0
7982,6.0
7983,7.0
7984,7.0
7985,7.0
7986,7.0
7987,7.0
7988,7.0
7989,7.0
7990,7.0
7991,7.0
7992,7.0
7993,7.0
7994,7.0
7995,7.0
7996,7.0
7997,7.0
7998,7.0
7999,7.0
8000,7.0
8001,7.0
8002,7.0
8003,7.0
8004,7.0
8005,6.0
8006,7.0
8007,7.0
8008,7.0
8009,7.0
8010,7.0
8011,7.0
8012,7.0
8013,7.0
8014,7.0
8015,7.0
8016,6.0
8017,7.0
8018,7.0
8019,7.0
8020,7.0
8021,7.0
8022,7.0
8023,7.0
8024,7.0
8025,7.0
8026,7.0
8027,7.0
8028,7.0
8029,7.0
8030,7.0
8031,7.0
8032,7.0
8033,7.0
8034,7.0
8035,7.0
8036,7.0
8037,7.0
8038,7.0
8039,7.0
8040,7.0
8041,7.0
8042,7.0
8043,7.0
8044,7.0
8045,7.0
8046,7.0
8047,7.0
8048,7.0
8049,7.0
8050,7.0
8051,7.0
8052,7.0
8053,7.0
8054,7.0
8055,7.0
8056,7.0
8057,7.0
8058,7.0
8059,7.0
8060,7.0
8061,6.0
8062,7.0
8063,7.0
8064,7.0
8065,7.0
8066,7.0
8067,7.0
8068,7.0
8069,7.0
8070,7.0
8071,7.0
8072,7.0
8073,7.0
8074,7.0
8075,7.0
8076,7.0
8077,7.0
8078,7.0
8079,7.0
8080,7.0
8081,7.0
8082,7.0
8083,7.0
8084,7.0
8085,7.0
8086,7.0
8087,7.0
8088,7.0
8089,7.0
8090,7.0
8091,7.0
8092,7.0
8093,7.0
8094,7.0
8095,7.0
8096,6.0
8097,7.0
8098,7.0
8099,7.0
8100,7.0
8101,7.0
8102,6.0
8103,7.0
8104,7.0
8105,7.0
8106,7.0
8107,7.0
8108,7.0
8109,7.0
8110,7.0
8111,7.0
8112,7.0
8113,7.0
8114,7.0
8115,7.0
8116,7.0
8117,7.0
8118,7.0
8119,7.0
8120,7.0
8121,7.0
8122,7.0
8123,7.0
8124,7.0
8125,7.0
8126,7.0
8127,7.0
8128,7.0
8129,7.0
8130,7.0
8131,7.0
8132,7.0
8133,7.0
8134,7.0
8135,7.0
8136,7.0
8137,7.0
8138,6.0
8139,7.0
8140,7.0
8141,6.0
8142,7.0
8143,7.0
8144,7.0
8145,7.0
8146,7.0
8147,7.0
8148,7.0
8149,7.0
8150,7.0
8151,7.0
8152,7.0
8153,7.0
8154,7.0
8155,7.0
8156,7.0
8157,6.0
8158,7.0
8159,7.0
8160,7.0
8161,7.0
8162,7.0
8163,7.0
8164,7.0
8165,7.0
8166,7.0
8167,7.0
8168,7.0
8169,7.0
8170,7.0
8171,7.0
8172,7.0
8173,7.0
8174,7.0
8175,7.0
8176,7.0
8177,7.0
8178,7.0
8179,7.0
8180,6.0
8181,7.0
8182,7.0
8183,7.0
8184,7.0
8185,7.0
8186,7.0
8187,7.0
8188,7.0
8189,7.0
8190,7.0
8191,7.0
8192,7.0
8193,7.0
8194,7.0
8195,7.0
8196,7.0
8197,7.0
8198,7.0
8199,7.0
8200,7.0
8201,7.0
8202,7.0
8203,7.0
8204,7.0
8205,7.0
8206,6.0
8207,7.0
8208,7.0
8209,7.0
8210,7.0
8211,6.0
8212,7.0
8213,7.0
8214,7.0
8215,7.0
8216,7.0
8217,7.0
8218,7.0
8219,7.0
8220,7.0
8221,7.0
8222,7.0
8223,7.0
8224,7.0
8225,7.0
8226,7.0
8227,7.0
8228,7.0
8229,7.0
8230,7.0
8231,7.0
8232,7.0
8233,7.0
8234,7.0
8235,7.0
8236,8.0
8237,7.0
8238,7.0
8239,7.0
8240,7.0
8241,7.0
8242,7.0
8243,6.0
8244,7.0
8245,7.0
8246,7.0
8247,7.0
8248,7.0
8249,7.0
8250,7.0
8251,7.0
8252,7.0
8253,7.0
8254,7.0
8255,7.0
8256,7.0
8257,7.0
8258,7.0
8259,7.0
8260,7.0
8261,7.0
8262,7.0
8263,7.0
8264,7.0
8265,7.0
8266,7.0
8267,7.0
8268,7.0
8269,7.0
8270,7.0
8271,7.0
8272,7.0
8273,7.0
8274,7.0
8275,7.0
8276,7.0
8277,7.0
8278,7.0
8279,7.0
8280,7.0
8281,7.0
8282,7.0
8283,7.0
8284,7.0
8285,7.0
8286,7.0
8287,7.0
8288,7.0
8289,7.0
8290,7.0
8291,7.0
8292,7.0
8293,7.0
8294,7.0
8295,7.0
8296,7.0
8297,7.0
8298,7.0
8299,7.0
8300,7.0
8301,7.0
8302,7.0
8303,7.0
8304,7.0
8305,7.0
8306,7.0
8307,7.0
8308,7.0
8309,7.0
8310,7.0
8311,7.0
8312,7.0
8313,7.0
8314,7.0
8315,7.0
8316,7.0
8317,7.0
8318,7.0
8319,7.0
8320,7.0
8321,7.0
8322,7.0
8323,7.0
8324,7.0
8325,7.0
8326,7.0
8327,7.0
8328,7.0
8329,7.0
8330,7.0
8331,7.0
8332,6.0
8333,7.0
8334,7.0
8335,7.0
8336,6.0
8337,7.0
8338,7.0
8339,7.0
8340,7.0
8341,7.0
8342,7.0
8343,7.0
8344,7.0
8345,7.0
8346,7.0
8347,7.0
8348,7.0
8349,7.0
8350,7.0
8351,7.0
8352,7.0
8353,7.0
8354,7.0
8355,7.0
8356,7.0
8357,7.0
8358,7.0
8359,7.0
8360,7.0
8361,7.0
8362,7.0
8363,7.0
8364,7.0
8365,7.0
8366,7.0
8367,7.0
8368,7.0
8369,7.0
8370,7.0
8371,7.0
8372,7.0
8373,7.0
8374,7.0
8375,7.0
8376,7.0
8377,7.0
8378,7.0
8379,7.0
8380,7.0
8381,7.0
8382,7.0
8383,6.0
8384,7.0
8385,7.0
8386,7.0
8387,6.0
8388,7.0
8389,7.0
8390,7.0
8391,7.0
8392,7.0
8393,7.0
8394,7.0
8395,7.0
8396,7.0
8397,7.0
8398,7.0
8399,7.0
8400,7.0
8401,7.0
8402,7.0
8403,7.0
8404,7.0
8405,7.0
8406,7.0
8407,7.0
8408,7.0
8409,7.0
8410,7.0
8411,7.0
8412,7.0
8413,7.0
8414,7.0
8415,7.0
8416,7.0
8417,7.0
8418,7.0
8419,7.0
8420,7.0
8421,7.0
8422,7.0
8423,7.0
8424,7.0
8425,7.0
8426,7.0
8427,7.0
8428,7.0
8429,7.0
8430,7.0
8431,7.0
8432,7.0
8433,7.0
8434,7.0
8435,7.0
8436,7.0
8437,6.0
8438,7.0
8439,7.0
8440,7.0
8441,7.0
8442,7.0
8443,7.0
8444,7.0
8445,7.0
8446,7.0
8447,7.0
8448,7.0
8449,7.0
8450,7.0
8451,7.0
8452,7.0
8453,7.0
8454,7.0
8455,7.0
8456,7.0
8457,7.0
8458,7.0
8459,7.0
8460,7.0
8461,7.0
8462,7.0
8463,7.0
8464,7.0
8465,7.0
8466,7.0
8467,7.0
8468,7.0
8469,7.0
8470,7.0
8471,7.0
8472,7.0
8473,7.0
8474,7.0
8475,7.0
8476,6.0
8477,6.0
8478,7.0
8479,7.0
8480,7.0
8481,7.0
8482,7.0
8483,7.0
8484,7.0
8485,7.0
8486,7.0
8487,7.0
8488,7.0
8489,7.0
8490,6.0
8491,7.0
8492,7.0
8493,7.0
8494,7.0
8495,7.0
8496,7.0
8497,7.0
8498,7.0
8499,7.0
8500,7.0
8501,7.0
8502,7.0
8503,7.0
8504,7.0
8505,7.0
8506,7.0
8507,7.0
8508,7.0
8509,7.0
8510,7.0
8511,7.0
8512,7.0
8513,6.0
8514,7.0
8515,7.0
8516,7.0
8517,7.0
8518,7.0
8519,7.0
8520,7.0
8521,7.0
8522,7.0
8523,7.0
8524,7.0
8525,7.0
8526,7.0
8527,7.0
8528,7.0
8529,7.0
8530,7.0
8531,6.0
8532,7.0
8533,7.0
8534,7.0
8535,7.0
8536,7.0
8537,7.0
8538,6.0
8539,6.0
8540,7.0
8541,7.0
8542,7.0
8543,7.0
8544,7.0
8545,7.0
8546,7.0
8547,7.0
8548,7.0
8549,7.0
8550,7.0
8551,7.0
8552,7.0
8553,7.0
8554,7.0
8555,7.0
8556,7.0
8557,7.0
8558,7.0
8559,7.0
8560,7.0
8561,7.0
8562,7.0
8563,7.0
8564,7.0
8565,7.0
8566,7.0
8567,6.0
8568,7.0
8569,7.0
8570,7.0
8571,7.0
8572,7.0
8573,6.0
8574,7.0
8575,7.0
8576,7.0
8577,7.0
8578,7.0
8579,7.0
8580,7.0
8581,7.0
8582,7.0
8583,7.0
8584,7.0
8585,7.0
8586,7.0
8587,7.0
8588,7.0
8589,7.0
8590,7.0
8591,7.0
8592,7.0
8593,7.0
8594,7.0
8595,7.0
8596,7.0
8597,7.0
8598,7.0
8599,8.0
8600,7.0
8601,7.0
8602,6.0
8603,7.0
8604,7.0
8605,7.0
8606,7.0
8607,7.0
8608,7.0
8609,7.0
8610,7.0
8611,7.0
8612,7.0
8613,7.0
8614,7.0
8615,7.0
8616,7.0
8617,7.0
8618,7.0
8619,7.0
8620,6.0
8621,7.0
8622,7.0
8623,7.0
8624,7.0
8625,6.0
8626,7.0
8627,7.0
8628,7.0
8629,7.0
8630,7.0
8631,7.0
8632,7.0
8633,7.0
8634,7.0
8635,7.0
8636,7.0
8637,7.0
8638,7.0
8639,7.0
8640,8.0
8641,7.0
8642,7.0
8643,7.0
8644,8.0
8645,7.0
8646,7.0
8647,8.0
8648,7.0
8649,7.0
8650,7.0
8651,7.0
8652,7.0
8653,7.0
8654,7.0
8655,7.0
8656,7.0
8657,7.0
8658,7.0
8659,7.0
8660,7.0
8661,7.0
8662,7.0
8663,7.0
8664,7.0
8665,7.0
8666,7.0
8667,7.0
8668,7.0
8669,6.0
8670,7.0
8671,7.0
8672,9.0
8673,7.0
8674,8.0
8675,7.0
8676,7.0
8677,7.0
8678,6.0
8679,7.0
8680,7.0
8681,7.0
8682,7.0
8683,7.0
8684,7.0
8685,7.0
8686,7.0
8687,7.0
8688,7.0
8689,8.0
8690,7.0
8691,7.0
8692,8.0
8693,7.0
8694,7.0
8695,7.0
8696,7.0
8697,7.0
8698,6.0
8699,7.0
8700,7.0
8701,7.0
8702,7.0
8703,7.0
8704,7.0
8705,7.0
8706,6.0
8707,7.0
8708,9.0
8709,8.0
8710,7.0
8711,7.0
8712,7.0
8713,7.0
8714,7.0
8715,7.0
8716,7.0
8717,7.0
8718,7.0
8719,7.0
8720,7.0
8721,7.0
8722,7.0
8723,7.0
8724,7.0
8725,7.0
8726,7.0
8727,7.0
8728,7.0
8729,6.0
8730,7.0
8731,7.0
8732,7.0
8733,7.0
8734,7.0
8735,6.0
8736,7.0
8737,7.0
8738,6.0
8739,7.0
8740,7.0
8741,7.0
8742,7.0
8743,7.0
8744,7.0
8745,7.0
8746,7.0
8747,7.0
8748,7.0
8749,7.0
8750,7.0
8751,7.0
8752,7.0
8753,7.0
8754,7.0
8755,7.0
8756,8.0
8757,7.0
8758,6.0
8759,7.0
8760,7.0
8761,7.0
8762,7.0
8763,7.0
8764,8.0
8765,7.0
8766,7.0
8767,7.0
8768,7.0
8769,7.0
8770,7.0
8771,7.0
8772,7.0
8773,7.0
8774,7.0
8775,7.0
8776,6.0
8777,7.0
8778,7.0
8779,7.0
8780,7.0
8781,7.0
8782,7.0
8783,7.0
8784,7.0
8785,7.0
8786,7.0
8787,7.0
8788,7.0
8789,7.0
8790,7.0
8791,6.0
8792,6.0
8793,7.0
8794,7.0
8795,7.0
8796,7.0
8797,7.0
8798,7.0
8799,7.0
8800,7.0
8801,7.0
8802,7.0
8803,7.0
8804,7.0
8805,7.0
8806,7.0
8807,7.0
8808,8.0
8809,7.0
8810,7.0
8811,7.0
8812,7.0
8813,7.0
8814,7.0
8815,7.0
8816,7.0
8817,8.0
8818,7.0
8819,7.0
8820,7.0
8821,7.0
8822,7.0
8823,7.0
8824,7.0
8825,7.0
8826,7.0
8827,7.0
8828,7.0
8829,7.0
8830,7.0
8831,7.0
8832,7.0
8833,7.0
8834,7.0
8835,6.0
8836,7.0
8837,7.0
8838,7.0
8839,7.0
8840,7.0
8841,7.0
8842,7.0
8843,7.0
8844,7.0
8845,6.0
8846,7.0
8847,7.0
8848,7.0
8849,6.0
8850,7.0
8851,7.0
8852,7.0
8853,7.0
8854,7.0
8855,7.0
8856,7.0
8857,7.0
8858,7.0
8859,6.0
8860,7.0
8861,7.0
8862,7.0
8863,7.0
8864,7.0
8865,7.0
8866,7.0
8867,7.0
8868,7.0
8869,7.0
8870,7.0
8871,7.0
8872,7.0
8873,7.0
8874,7.0
8875,7.0
8876,7.0
8877,7.0
8878,7.0
8879,7.0
8880,7.0
8881,7.0
8882,7.0
8883,7.0
8884,7.0
8885,6.0
8886,7.0
8887,7.0
8888,7.0
8889,7.0
8890,7.0
8891,8.0
8892,7.0
8893,7.0
8894,6.0
8895,7.0
8896,7.0
8897,7.0
8898,7.0
8899,7.0
8900,7.0
8901,7.0
8902,7.0
8903,7.0
8904,6.0
8905,7.0
8906,7.0
8907,7.0
8908,9.0
8909,7.0
8910,7.0
8911,8.0
8912,7.0
8913,7.0
8914,7.0
8915,7.0
8916,7.0
8917,7.0
8918,7.0
8919,7.0
8920,7.0
8921,7.0
8922,7.0
8923,7.0
8924,7.0
8925,7.0
8926,7.0
8927,7.0
8928,7.0
8929,7.0
8930,7.0
8931,7.0
8932,7.0
8933,7.0
8934,7.0
8935,7.0
8936,7.0
8937,7.0
8938,7.0
8939,7.0
8940,7.0
8941,7.0
8942,7.0
8943,7.0
8944,7.0
8945,7.0
8946,7.0
8947,6.0
8948,7.0
8949,7.0
8950,7.0
8951,7.0
8952,7.0
8953,7.0
8954,7.0
8955,7.0
8956,7.0
8957,7.0
8958,7.0
8959,7.0
8960,7.0
8961,7.0
8962,7.0
8963,7.0
8964,7.0
8965,7.0
8966,7.0
8967,7.0
8968,7.0
8969,7.0
8970,7.0
8971,7.0
8972,7.0
8973,6.0
8974,7.0
8975,7.0
8976,7.0
8977,7.0
8978,7.0
8979,7.0
8980,7.0
8981,7.0
8982,7.0
8983,7.0
8984,7.0
8985,7.0
8986,7.0
8987,7.0
8988,7.0
8989,7.0
8990,7.0
8991,7.0
8992,7.0
8993,7.0
8994,7.0
8995,7.0
8996,7.0
8997,7.0
8998,7.0
8999,7.0
9000,7.0
9001,7.0
9002,7.0
9003,7.0
9004,7.0
9005,7.0
9006,7.0
9007,7.0
9008,7.0
9009,7.0
9010,7.0
9011,7.0
9012,7.0
9013,7.0
9014,7.0
9015,7.0
9016,7.0
9017,7.0
9018,7.0
9019,7.0
9020,7.0
9021,7.0
9022,7.0
9023,7.0
9024,7.0
9025,7.0
9026,7.0
9027,7.0
9028,7.0
9029,7.0
9030,7.0
9031,7.0
9032,7.0
9033,7.0
9034,7.0
9035,7.0
9036,7.0
9037,7.0
9038,7.0
9039,7.0
9040,7.0
9041,7.0
9042,7.0
9043,7.0
9044,7.0
9045,7.0
9046,7.0
9047,7.0
9048,7.0
9049,7.0
9050,7.0
9051,7.0
9052,7.0
9053,7.0
9054,7.0
9055,7.0
9056,7.0
9057,7.0
9058,7.0
9059,7.0
9060,7.0
9061,7.0
9062,7.0
9063,7.0
9064,7.0
9065,7.0
9066,7.0
9067,7.0
9068,7.0
9069,7.0
9070,7.0
9071,7.0
9072,7.0
9073,7.0
9074,7.0
9075,7.0
9076,7.0
9077,7.0
9078,7.0
9079,7.0
9080,7.0
9081,7.0
9082,7.0
9083,7.0
9084,7.0
9085,7.0
9086,7.0
9087,7.0
9088,7.0
9089,7.0
9090,7.0
9091,7.0
9092,7.0
9093,7.0
9094,7.0
9095,7.0
9096,7.0
9097,7.0
9098,7.0
9099,6.0
9100,7.0
9101,7.0
9102,7.0
9103,7.0
9104,7.0
9105,7.0
9106,7.0
9107,7.0
9108,7.0
9109,7.0
9110,7.0
9111,7.0
9112,7.0
9113,7.0
9114,7.0
9115,7.0
9116,7.0
9117,7.0
9118,7.0
9119,7.0
9120,7.0
9121,7.0
9122,7.0
9123,7.0
9124,7.0
9125,7.0
9126,7.0
9127,7.0
9128,7.0
9129,7.0
9130,7.0
9131,7.0
9132,7.0
9133,7.0
9134,7.0
9135,7.0
9136,7.0
9137,7.0
9138,7.0
9139,7.0
9140,7.0
9141,7.0
9142,7.0
9143,7.0
9144,7.0
9145,7.0
9146,7.0
9147,7.0
9148,7.0
9149,7.0
9150,7.0
9151,7.0
9152,7.0
9153,7.0
9154,7.0
9155,7.0
9156,7.0
9157,7.0
9158,7.0
9159,7.0
9160,7.0
9161,7.0
9162,7.0
9163,7.0
9164,7.0
9165,7.0
9166,7.0
9167,7.0
9168,7.0
9169,7.0
9170,7.0
9171,7.0
9172,7.0
9173,7.0
9174,7.0
9175,7.0
9176,6.0
9177,7.0
9178,7.0
9179,7.0
9180,7.0
9181,7.0
9182,7.0
9183,7.0
9184,7.0
9185,7.0
9186,7.0
9187,7.0
9188,7.0
9189,7.0
9190,7.0
9191,7.0
9192,7.0
9193,7.0
9194,7.0
9195,7.0
9196,7.0
9197,7.0
9198,7.0
9199,7.0
9200,7.0
9201,7.0
9202,7.0
9203,7.0
9204,6.0
9205,7.0
9206,7.0
9207,7.0
9208,7.0
9209,7.0
9210,7.0
9211,7.0
9212,7.0
9213,7.0
9214,7.0
9215,7.0
9216,7.0
9217,7.0
9218,7.0
9219,6.0
9220,7.0
9221,7.0
9222,7.0
9223,7.0
9224,7.0
9225,7.0
9226,7.0
9227,7.0
9228,7.0
9229,6.0
9230,7.0
9231,7.0
9232,7.0
9233,7.0
9234,7.0
9235,7.0
9236,7.0
9237,7.0
9238,7.0
9239,7.0
9240,7.0
9241,7.0
9242,7.0
9243,7.0
9244,7.0
9245,7.0
9246,7.0
9247,7.0
9248,7.0
9249,7.0
9250,7.0
9251,7.0
9252,7.0
9253,7.0
9254,7.0
9255,7.0
9256,7.0
9257,7.0
9258,7.0
9259,7.0
9260,7.0
9261,7.0
9262,7.0
9263,6.0
9264,7.0
9265,7.0
9266,7.0
9267,7.0
9268,7.0
9269,7.0
9270,7.0
9271,7.0
9272,7.0
9273,7.0
9274,7.0
9275,7.0
9276,7.0
9277,7.0
9278,7.0
9279,7.0
9280,7.0
9281,7.0
9282,7.0
9283,7.0
9284,7.0
9285,7.0
9286,6.0
9287,7.0
9288,7.0
9289,7.0
9290,7.0
9291,7.0
9292,7.0
9293,7.0
9294,7.0
9295,7.0
9296,7.0
9297,7.0
9298,7.0
9299,7.0
9300,7.0
9301,7.0
9302,7.0
9303,7.0
9304,7.0
9305,7.0
9306,7.0
9307,7.0
9308,7.0
9309,7.0
9310,6.0
9311,7.0
9312,7.0
9313,7.0
9314,7.0
9315,7.0
9316,7.0
9317,7.0
9318,7.0
9319,7.0
9320,7.0
9321,7.0
9322,7.0
9323,7.0
9324,7.0
9325,7.0
9326,7.0
9327,8.0
9328,8.0
9329,7.0
9330,7.0
9331,7.0
9332,7.0
9333,6.0
9334,7.0
9335,7.0
9336,6.0
9337,7.0
9338,7.0
9339,7.0
9340,7.0
9341,7.0
9342,7.0
9343,7.0
9344,7.0
9345,7.0
9346,7.0
9347,7.0
9348,7.0
9349,7.0
9350,7.0
9351,7.0
9352,7.0
9353,7.0
9354,7.0
9355,7.0
9356,7.0
9357,7.0
9358,7.0
9359,7.0
9360,7.0
9361,7.0
9362,7.0
9363,7.0
9364,7.0
9365,7.0
9366,7.0
9367,7.0
9368,7.0
9369,7.0
9370,8.0
9371,7.0
9372,7.0
9373,7.0
9374,7.0
9375,7.0
9376,7.0
9377,7.0
9378,7.0
9379,7.0
9380,7.0
9381,7.0
9382,7.0
9383,7.0
9384,7.0
9385,7.0
9386,7.0
9387,7.0
9388,7.0
9389,7.0
9390,6.0
9391,7.0
9392,7.0
9393,7.0
9394,7.0
9395,7.0
9396,7.0
9397,7.0
9398,7.0
9399,7.0
9400,7.0
9401,7.0
9402,7.0
9403,7.0
9404,7.0
9405,7.0
9406,7.0
9407,7.0
9408,7.0
9409,7.0
9410,7.0
9411,7.0
9412,7.0
9413,7.0
9414,7.0
9415,7.0
9416,7.0
9417,7.0
9418,7.0
9419,7.0
9420,6.0
9421,7.0
9422,8.0
9423,7.0
9424,7.0
9425,7.0
9426,7.0
9427,7.0
9428,7.0
9429,7.0
9430,7.0
9431,7.0
9432,7.0
9433,7.0
9434,8.0
9435,7.0
9436,7.0
9437,7.0
9438,7.0
9439,8.0
9440,7.0
9441,7.0
9442,7.0
9443,7.0
9444,7.0
9445,7.0
9446,7.0
9447,7.0
9448,6.0
9449,7.0
9450,7.0
9451,7.0
9452,7.0
9453,7.0
9454,7.0
9455,7.0
9456,7.0
9457,7.0
9458,7.0
9459,7.0
9460,8.0
9461,6.0
9462,7.0
9463,7.0
9464,7.0
9465,7.0
9466,7.0
9467,7.0
9468,7.0
9469,7.0
9470,7.0
9471,7.0
9472,7.0
9473,7.0
9474,7.0
9475,7.0
9476,7.0
9477,7.0
9478,7.0
9479,7.0
9480,7.0
9481,7.0
9482,7.0
9483,7.0
9484,7.0
9485,6.0
9486,7.0
9487,7.0
9488,6.0
9489,7.0
9490,7.0
9491,6.0
9492,7.0
9493,7.0
9494,7.0
9495,7.0
9496,7.0
9497,7.0
9498,7.0
9499,7.0
9500,7.0
9501,7.0
9502,6.0
9503,6.0
9504,7.0
9505,7.0
9506,7.0
9507,7.0
9508,7.0
9509,7.0
9510,7.0
9511,7.0
9512,7.0
9513,7.0
9514,7.0
9515,7.0
9516,7.0
9517,7.0
9518,7.0
9519,7.0
9520,7.0
9521,7.0
9522,6.0
9523,7.0
9524,7.0
9525,7.0
9526,7.0
9527,7.0
9528,7.0
9529,7.0
9530,7.0
9531,7.0
9532,6.0
9533,7.0
9534,7.0
9535,7.0
9536,8.0
9537,7.0
9538,7.0
9539,7.0
9540,7.0
9541,7.0
9542,7.0
9543,7.0
9544,7.0
9545,7.0
9546,7.0
9547,7.0
9548,7.0
9549,7.0
9550,7.0
9551,8.0
9552,7.0
9553,7.0
9554,7.0
9555,7.0
9556,7.0
9557,7.0
9558,7.0
9559,7.0
9560,7.0
9561,7.0
9562,7.0
9563,8.0
9564,7.0
9565,8.0
9566,7.0
9567,7.0
9568,8.0
9569,7.0
9570,7.0
9571,7.0
9572,7.0
9573,9.0
9574,7.0
9575,7.0
9576,7.0
9577,7.0
9578,7.0
9579,7.0
9580,7.0
9581,7.0
9582,7.0
9583,7.0
9584,6.0
9585,7.0
9586,7.0
9587,7.0
9588,8.0
9589,7.0
9590,7.0
9591,7.0
9592,7.0
9593,8.0
9594,7.0
9595,7.0
9596,7.0
9597,7.0
9598,7.0
9599,7.0
9600,7.0
9601,7.0
9602,7.0
9603,7.0
9604,7.0
9605,7.0
9606,7.0
9607,8.0
9608,7.0
9609,7.0
9610,7.0
9611,7.0
9612,6.0
9613,6.0
9614,7.0
9615,6.0
9616,7.0
9617,7.0
9618,7.0
9619,7.0
9620,7.0
9621,7.0
9622,7.0
9623,7.0
9624,7.0
9625,7.0
9626,7.0
9627,7.0
9628,7.0
9629,7.0
9630,7.0
9631,7.0
9632,7.0
9633,6.0
9634,7.0
9635,7.0
9636,7.0
9637,7.0
9638,6.0
9639,6.0
9640,7.0
9641,7.0
9642,7.0
9643,7.0
9644,6.0
9645,7.0
9646,7.0
9647,7.0
9648,7.0
9649,7.0
9650,7.0
9651,7.0
9652,7.0
9653,7.0
9654,7.0
9655,7.0
9656,7.0
9657,7.0
9658,7.0
9659,7.0
9660,7.0
9661,7.0
9662,7.0
9663,7.0
9664,7.0
9665,7.0
9666,7.0
9667,7.0
9668,7.0
9669,7.0
9670,7.0
9671,7.0
9672,7.0
9673,7.0
9674,7.0
9675,7.0
9676,7.0
9677,7.0
9678,7.0
9679,7.0
9680,7.0
9681,7.0
9682,7.0
9683,7.0
9684,7.0
9685,7.0
9686,7.0
9687,7.0
9688,7.0
9689,7.0
9690,7.0
9691,7.0
9692,8.0
9693,7.0
9694,7.0
9695,7.0
9696,7.0
9697,7.0
9698,8.0
9699,7.0
9700,7.0
9701,7.0
9702,7.0
9703,7.0
9704,7.0
9705,7.0
9706,7.0
9707,7.0
9708,6.0
9709,7.0
9710,7.0
9711,7.0
9712,7.0
9713,7.0
9714,7.0
9715,7.0
9716,7.0
9717,8.0
9718,7.0
9719,7.0
9720,7.0
9721,7.0
9722,7.0
9723,7.0
9724,7.0
9725,7.0
9726,7.0
9727,7.0
9728,7.0
9729,7.0
9730,7.0
9731,8.0
9732,7.0
9733,7.0
9734,7.0
9735,7.0
9736,7.0
9737,7.0
9738,7.0
9739,7.0
9740,7.0
9741,7.0
9742,7.0
9743,7.0
9744,7.0
9745,7.0
9746,7.0
9747,7.0
9748,7.0
9749,7.0
9750,7.0
9751,7.0
9752,7.0
9753,7.0
9754,7.0
9755,7.0
9756,7.0
9757,7.0
9758,7.0
9759,7.0
9760,7.0
9761,7.0
9762,7.0
9763,7.0
9764,7.0
9765,7.0
9766,7.0
9767,7.0
9768,7.0
9769,7.0
9770,7.0
9771,7.0
9772,7.0
9773,7.0
9774,7.0
9775,7.0
9776,7.0
9777,7.0
9778,7.0
9779,7.0
9780,7.0
9781,7.0
9782,7.0
9783,7.0
9784,6.0
9785,7.0
9786,7.0
9787,7.0
9788,7.0
9789,7.0
9790,7.0
9791,7.0
9792,7.0
9793,8.0
9794,7.0
9795,7.0
9796,7.0
9797,7.0
9798,7.0
9799,7.0
9800,7.0
9801,7.0
9802,7.0
9803,7.0
9804,7.0
9805,7.0
9806,7.0
9807,7.0
9808,7.0
9809,7.0
9810,6.0
9811,6.0
9812,7.0
9813,7.0
9814,7.0
9815,7.0
9816,7.0
9817,7.0
9818,7.0
9819,7.0
9820,7.0
9821,8.0
9822,7.0
9823,7.0
9824,7.0
9825,7.0
9826,7.0
9827,7.0
9828,7.0
9829,7.0
9830,7.0
9831,7.0
9832,7.0
9833,7.0
9834,7.0
9835,7.0
9836,7.0
9837,7.0
9838,7.0
9839,7.0
9840,7.0
9841,7.0
9842,7.0
9843,8.0
9844,7.0
9845,8.0
9846,7.0
9847,7.0
9848,6.0
9849,7.0
9850,7.0
9851,7.0
9852,7.0
9853,7.0
9854,7.0
9855,7.0
9856,7.0
9857,7.0
9858,7.0
9859,7.0
9860,7.0
9861,7.0
9862,7.0
9863,7.0
9864,7.0
9865,7.0
9866,7.0
9867,7.0
9868,7.0
9869,8.0
9870,7.0
9871,7.0
9872,7.0
9873,7.0
9874,6.0
9875,6.0
9876,7.0
9877,7.0
9878,7.0
9879,7.0
9880,7.0
9881,7.0
9882,7.0
9883,7.0
9884,7.0
9885,7.0
9886,6.0
9887,7.0
9888,7.0
9889,7.0
9890,6.0
9891,7.0
9892,7.0
9893,7.0
9894,7.0
9895,7.0
9896,7.0
9897,7.0
9898,6.0
9899,7.0
9900,7.0
9901,7.0
9902,7.0
9903,7.0
9904,7.0
9905,7.0
9906,7.0
9907,7.0
9908,7.0
9909,7.0
9910,7.0
9911,7.0
9912,7.0
9913,7.0
9914,7.0
9915,7.0
9916,7.0
9917,7.0
9918,7.0
9919,7.0
9920,7.0
9921,7.0
9922,7.0
9923,8.0
9924,7.0
9925,7.0
9926,8.0
9927,7.0
9928,7.0
9929,7.0
9930,7.0
9931,7.0
9932,7.0
9933,6.0
9934,7.0
9935,7.0
9936,7.0
9937,7.0
9938,7.0
9939,7.0
9940,7.0
9941,7.0
9942,7.0
9943,6.0
9944,7.0
9945,7.0
9946,7.0
9947,7.0
9948,7.0
9949,7.0
9950,7.0
9951,7.0
9952,7.0
9953,7.0
9954,7.0
9955,7.0
9956,7.0
9957,7.0
9958,7.0
9959,7.0
9960,7.0
9961,7.0
9962,7.0
9963,7.0
9964,7.0
9965,7.0
9966,7.0
9967,8.0
9968,7.0
9969,7.0
9970,7.0
9971,7.0
9972,7.0
9973,7.0
9974,7.0
9975,7.0
9976,7.0
9977,7.0
9978,7.0
9979,7.0
9980,7.0
9981,7.0
9982,7.0
9983,7.0
9984,7.0
9985,7.0
9986,7.0
9987,7.0
9988,7.0
9989,7.0
9990,7.0
9991,7.0
9992,7.0
9993,7.0
9994,7.0
9995,7.0
9996,7.0
9997,7.0
9998,7.0
9999,7.0
